[{"model": "auth.permission", "pk": 1, "fields": {"name": "Can add log entry", "content_type": 1, "codename": "add_logentry"}}, {"model": "auth.permission", "pk": 2, "fields": {"name": "Can change log entry", "content_type": 1, "codename": "change_logentry"}}, {"model": "auth.permission", "pk": 3, "fields": {"name": "Can delete log entry", "content_type": 1, "codename": "delete_logentry"}}, {"model": "auth.permission", "pk": 4, "fields": {"name": "Can view log entry", "content_type": 1, "codename": "view_logentry"}}, {"model": "auth.permission", "pk": 5, "fields": {"name": "Can add permission", "content_type": 2, "codename": "add_permission"}}, {"model": "auth.permission", "pk": 6, "fields": {"name": "Can change permission", "content_type": 2, "codename": "change_permission"}}, {"model": "auth.permission", "pk": 7, "fields": {"name": "Can delete permission", "content_type": 2, "codename": "delete_permission"}}, {"model": "auth.permission", "pk": 8, "fields": {"name": "Can view permission", "content_type": 2, "codename": "view_permission"}}, {"model": "auth.permission", "pk": 9, "fields": {"name": "Can add group", "content_type": 3, "codename": "add_group"}}, {"model": "auth.permission", "pk": 10, "fields": {"name": "Can change group", "content_type": 3, "codename": "change_group"}}, {"model": "auth.permission", "pk": 11, "fields": {"name": "Can delete group", "content_type": 3, "codename": "delete_group"}}, {"model": "auth.permission", "pk": 12, "fields": {"name": "Can view group", "content_type": 3, "codename": "view_group"}}, {"model": "auth.permission", "pk": 13, "fields": {"name": "Can add content type", "content_type": 4, "codename": "add_contenttype"}}, {"model": "auth.permission", "pk": 14, "fields": {"name": "Can change content type", "content_type": 4, "codename": "change_contenttype"}}, {"model": "auth.permission", "pk": 15, "fields": {"name": "Can delete content type", "content_type": 4, "codename": "delete_contenttype"}}, {"model": "auth.permission", "pk": 16, "fields": {"name": "Can view content type", "content_type": 4, "codename": "view_contenttype"}}, {"model": "auth.permission", "pk": 17, "fields": {"name": "Can add session", "content_type": 5, "codename": "add_session"}}, {"model": "auth.permission", "pk": 18, "fields": {"name": "Can change session", "content_type": 5, "codename": "change_session"}}, {"model": "auth.permission", "pk": 19, "fields": {"name": "Can delete session", "content_type": 5, "codename": "delete_session"}}, {"model": "auth.permission", "pk": 20, "fields": {"name": "Can view session", "content_type": 5, "codename": "view_session"}}, {"model": "auth.permission", "pk": 21, "fields": {"name": "Can add user", "content_type": 6, "codename": "add_user"}}, {"model": "auth.permission", "pk": 22, "fields": {"name": "Can change user", "content_type": 6, "codename": "change_user"}}, {"model": "auth.permission", "pk": 23, "fields": {"name": "Can delete user", "content_type": 6, "codename": "delete_user"}}, {"model": "auth.permission", "pk": 24, "fields": {"name": "Can view user", "content_type": 6, "codename": "view_user"}}, {"model": "auth.permission", "pk": 25, "fields": {"name": "Can add user", "content_type": 7, "codename": "add_petseeker"}}, {"model": "auth.permission", "pk": 26, "fields": {"name": "Can change user", "content_type": 7, "codename": "change_petseeker"}}, {"model": "auth.permission", "pk": 27, "fields": {"name": "Can delete user", "content_type": 7, "codename": "delete_petseeker"}}, {"model": "auth.permission", "pk": 28, "fields": {"name": "Can view user", "content_type": 7, "codename": "view_petseeker"}}, {"model": "auth.permission", "pk": 29, "fields": {"name": "Can add user", "content_type": 8, "codename": "add_petshelter"}}, {"model": "auth.permission", "pk": 30, "fields": {"name": "Can change user", "content_type": 8, "codename": "change_petshelter"}}, {"model": "auth.permission", "pk": 31, "fields": {"name": "Can delete user", "content_type": 8, "codename": "delete_petshelter"}}, {"model": "auth.permission", "pk": 32, "fields": {"name": "Can view user", "content_type": 8, "codename": "view_petshelter"}}, {"model": "auth.permission", "pk": 33, "fields": {"name": "Can add breed", "content_type": 9, "codename": "add_breed"}}, {"model": "auth.permission", "pk": 34, "fields": {"name": "Can change breed", "content_type": 9, "codename": "change_breed"}}, {"model": "auth.permission", "pk": 35, "fields": {"name": "Can delete breed", "content_type": 9, "codename": "delete_breed"}}, {"model": "auth.permission", "pk": 36, "fields": {"name": "Can view breed", "content_type": 9, "codename": "view_breed"}}, {"model": "auth.permission", "pk": 37, "fields": {"name": "Can add pet type", "content_type": 10, "codename": "add_pettype"}}, {"model": "auth.permission", "pk": 38, "fields": {"name": "Can change pet type", "content_type": 10, "codename": "change_pettype"}}, {"model": "auth.permission", "pk": 39, "fields": {"name": "Can delete pet type", "content_type": 10, "codename": "delete_pettype"}}, {"model": "auth.permission", "pk": 40, "fields": {"name": "Can view pet type", "content_type": 10, "codename": "view_pettype"}}, {"model": "auth.permission", "pk": 41, "fields": {"name": "Can add pet", "content_type": 11, "codename": "add_pet"}}, {"model": "auth.permission", "pk": 42, "fields": {"name": "Can change pet", "content_type": 11, "codename": "change_pet"}}, {"model": "auth.permission", "pk": 43, "fields": {"name": "Can delete pet", "content_type": 11, "codename": "delete_pet"}}, {"model": "auth.permission", "pk": 44, "fields": {"name": "Can view pet", "content_type": 11, "codename": "view_pet"}}, {"model": "auth.permission", "pk": 45, "fields": {"name": "Can add rating", "content_type": 12, "codename": "add_rating"}}, {"model": "auth.permission", "pk": 46, "fields": {"name": "Can change rating", "content_type": 12, "codename": "change_rating"}}, {"model": "auth.permission", "pk": 47, "fields": {"name": "Can delete rating", "content_type": 12, "codename": "delete_rating"}}, {"model": "auth.permission", "pk": 48, "fields": {"name": "Can view rating", "content_type": 12, "codename": "view_rating"}}, {"model": "auth.permission", "pk": 49, "fields": {"name": "Can add comment", "content_type": 13, "codename": "add_comment"}}, {"model": "auth.permission", "pk": 50, "fields": {"name": "Can change comment", "content_type": 13, "codename": "change_comment"}}, {"model": "auth.permission", "pk": 51, "fields": {"name": "Can delete comment", "content_type": 13, "codename": "delete_comment"}}, {"model": "auth.permission", "pk": 52, "fields": {"name": "Can view comment", "content_type": 13, "codename": "view_comment"}}, {"model": "auth.permission", "pk": 53, "fields": {"name": "Can add notification", "content_type": 14, "codename": "add_notification"}}, {"model": "auth.permission", "pk": 54, "fields": {"name": "Can change notification", "content_type": 14, "codename": "change_notification"}}, {"model": "auth.permission", "pk": 55, "fields": {"name": "Can delete notification", "content_type": 14, "codename": "delete_notification"}}, {"model": "auth.permission", "pk": 56, "fields": {"name": "Can view notification", "content_type": 14, "codename": "view_notification"}}, {"model": "auth.permission", "pk": 57, "fields": {"name": "Can add application", "content_type": 15, "codename": "add_application"}}, {"model": "auth.permission", "pk": 58, "fields": {"name": "Can change application", "content_type": 15, "codename": "change_application"}}, {"model": "auth.permission", "pk": 59, "fields": {"name": "Can delete application", "content_type": 15, "codename": "delete_application"}}, {"model": "auth.permission", "pk": 60, "fields": {"name": "Can view application", "content_type": 15, "codename": "view_application"}}, {"model": "contenttypes.contenttype", "pk": 1, "fields": {"app_label": "admin", "model": "logentry"}}, {"model": "contenttypes.contenttype", "pk": 2, "fields": {"app_label": "auth", "model": "permission"}}, {"model": "contenttypes.contenttype", "pk": 3, "fields": {"app_label": "auth", "model": "group"}}, {"model": "contenttypes.contenttype", "pk": 4, "fields": {"app_label": "contenttypes", "model": "contenttype"}}, {"model": "contenttypes.contenttype", "pk": 5, "fields": {"app_label": "sessions", "model": "session"}}, {"model": "contenttypes.contenttype", "pk": 6, "fields": {"app_label": "accounts", "model": "user"}}, {"model": "contenttypes.contenttype", "pk": 7, "fields": {"app_label": "accounts", "model": "petseeker"}}, {"model": "contenttypes.contenttype", "pk": 8, "fields": {"app_label": "accounts", "model": "petshelter"}}, {"model": "contenttypes.contenttype", "pk": 9, "fields": {"app_label": "pets", "model": "breed"}}, {"model": "contenttypes.contenttype", "pk": 10, "fields": {"app_label": "pets", "model": "pettype"}}, {"model": "contenttypes.contenttype", "pk": 11, "fields": {"app_label": "pets", "model": "pet"}}, {"model": "contenttypes.contenttype", "pk": 12, "fields": {"app_label": "comments", "model": "rating"}}, {"model": "contenttypes.contenttype", "pk": 13, "fields": {"app_label": "comments", "model": "comment"}}, {"model": "contenttypes.contenttype", "pk": 14, "fields": {"app_label": "notifications", "model": "notification"}}, {"model": "contenttypes.contenttype", "pk": 15, "fields": {"app_label": "applications", "model": "application"}}, {"model": "sessions.session", "pk": "b4vbdtodvrnmsekef6hkxszfnkpzsog0", "fields": {"session_data": ".eJxVjEEOwiAQRe_C2pAOMAVcuvcMhIFBqoYmpV0Z765NutDtf-_9lwhxW2vYOi9hyuIsAMXpd6SYHtx2ku-x3WaZ5rYuE8ldkQft8jpnfl4O9--gxl6_tedivQVIpJUzgEhcdCavtRtZEwzKJDAFtUIAY1TGSFSy85b9aGkQ7w_yjTd6:1r5a9v:cse24Lyb6NLclOIaOcdBalPgOfVLel8odHZq-ld_fmU", "expire_date": "2023-12-05T23:27:59.020Z"}}, {"model": "sessions.session", "pk": "jf8fczarwis6wzv4zjv8biik3evxpi9r", "fields": {"session_data": ".eJxVjEEOwiAQRe_C2hAohUGX7j0DGYZBqgaS0q6Md7dNutDtf-_9twi4LiWsnecwJXER2onT7xiRnlx3kh5Y701Sq8s8Rbkr8qBd3lri1_Vw_w4K9rLV6JXx2QBj9i5qSpAR46hhyHFQaMhito7AbgwUMp05OkNmBLaoGcTnCy7iORk:1r5fM4:Fil-VKTlAHlMVEtlni3OKxKHL6PEzblE8V7FHAnsmdc", "expire_date": "2023-12-06T05:00:52.078Z"}}, {"model": "accounts.user", "pk": 1, "fields": {"password": "pbkdf2_sha256$600000$E6TA4wpHgZwb5FEg7ReHSf$TBmqWLi7KepyPXw/yjWpSLBvsGWseLw9eP/SfrpHJIE=", "last_login": null, "is_superuser": false, "username": "seeker1", "first_name": "h", "last_name": "h", "is_staff": false, "is_active": true, "date_joined": "2023-11-21T21:31:21.540Z", "email": "seeker1@gmail.com", "phone_number": "1234567890", "address": "123st", "description": "dfdsfdsfdsffdfsddsfad", "website": null, "banner": "", "profile_picture": "", "groups": [], "user_permissions": []}}, {"model": "accounts.user", "pk": 2, "fields": {"password": "pbkdf2_sha256$600000$61aHgwatKDZIL1REpb1yBH$HH/UmDO2iIolo4DStVOEhYiLgIh7z+tIoXBwj7yOlj8=", "last_login": null, "is_superuser": false, "username": "seeker2", "first_name": "h", "last_name": "h", "is_staff": false, "is_active": true, "date_joined": "2023-11-21T21:31:41.932Z", "email": "seeker2@gmail.com", "phone_number": "1234567890", "address": "123st", "description": "dfdsfdsfdsffdfsddsfad", "website": null, "banner": "", "profile_picture": "", "groups": [], "user_permissions": []}}, {"model": "accounts.user", "pk": 3, "fields": {"password": "pbkdf2_sha256$600000$wubZIvFtz09jZ9QRiALzWO$gQxewLPgBD+EzwzG0oe757Zet9Aje6Zob2nEPVvgTVU=", "last_login": null, "is_superuser": false, "username": "seeker3", "first_name": "h", "last_name": "h", "is_staff": false, "is_active": true, "date_joined": "2023-11-21T21:32:02.955Z", "email": "seeker3@gmail.com", "phone_number": "1234567890", "address": "123st", "description": "random description", "website": null, "banner": "", "profile_picture": "", "groups": [], "user_permissions": []}}, {"model": "accounts.user", "pk": 4, "fields": {"password": "pbkdf2_sha256$600000$YJVP7LAWAFBhuiPfRIFfbB$A97CCuOMzw/Td9qErGx7v/kBeA5tJSSB2XGUmJKpSBs=", "last_login": null, "is_superuser": false, "username": "seeker4", "first_name": "h", "last_name": "h", "is_staff": false, "is_active": true, "date_joined": "2023-11-21T21:32:16.443Z", "email": "seeker4@gmail.com", "phone_number": "1234567890", "address": "123st", "description": "d4", "website": null, "banner": "", "profile_picture": "", "groups": [], "user_permissions": []}}, {"model": "accounts.user", "pk": 5, "fields": {"password": "pbkdf2_sha256$600000$OtUf7qVaWNXGqmdPfWPuAA$RaIfTGiaHB62WU6dSRo4fV6b/CFe52ObZDC3/Rlm1xY=", "last_login": null, "is_superuser": false, "username": "seeker5", "first_name": "h", "last_name": "h", "is_staff": false, "is_active": true, "date_joined": "2023-11-21T21:32:35.036Z", "email": "seeker5@gmail.com", "phone_number": "1234567890", "address": "123st", "description": "d5", "website": null, "banner": "", "profile_picture": "", "groups": [], "user_permissions": []}}, {"model": "accounts.user", "pk": 6, "fields": {"password": "pbkdf2_sha256$600000$10WDlAK3YTlkJchdfmEh3t$sqy37PSFqy/w2ijcsfNzm19X11epd8CYUf9x/OZvAQ4=", "last_login": null, "is_superuser": false, "username": "seeker6", "first_name": "h", "last_name": "h", "is_staff": false, "is_active": true, "date_joined": "2023-11-21T21:32:47.832Z", "email": "seeker6@gmail.com", "phone_number": "1234567890", "address": "123st", "description": "d6", "website": null, "banner": "", "profile_picture": "", "groups": [], "user_permissions": []}}, {"model": "accounts.user", "pk": 7, "fields": {"password": "pbkdf2_sha256$600000$dHQADK812WuOmijgldrEyH$ZAM5xaUBTknZXWaNLajqqewjFtbcZAj9uEY0/wY2YqE=", "last_login": null, "is_superuser": false, "username": "seeker7", "first_name": "h", "last_name": "h", "is_staff": false, "is_active": true, "date_joined": "2023-11-21T21:33:02.392Z", "email": "seeker7@gmail.com", "phone_number": "1234567890", "address": "123st", "description": "d7", "website": null, "banner": "", "profile_picture": "", "groups": [], "user_permissions": []}}, {"model": "accounts.user", "pk": 8, "fields": {"password": "pbkdf2_sha256$600000$0uFZZxzFb9LJro8ktzwBCV$VYvpEoKMfB7cimEQCXcm2REwzmU/jFn8T9vSuJzB+W0=", "last_login": null, "is_superuser": false, "username": "shelter1", "first_name": "h", "last_name": "h", "is_staff": false, "is_active": true, "date_joined": "2023-11-21T21:34:09.140Z", "email": "shelter1@gmail.com", "phone_number": "1234567890", "address": "123st", "description": "d1", "website": null, "banner": "", "profile_picture": "", "groups": [], "user_permissions": []}}, {"model": "accounts.user", "pk": 9, "fields": {"password": "pbkdf2_sha256$600000$YJEAjp8WpwvEXi6ISGPvAe$KsYfZG9zoQ1YUltWLX90XnKbKPNE0mT9Pc+/w4/Qet8=", "last_login": null, "is_superuser": false, "username": "shelter2", "first_name": "h", "last_name": "h", "is_staff": false, "is_active": true, "date_joined": "2023-11-21T21:34:24.218Z", "email": "shelter2@gmail.com", "phone_number": "1234567890", "address": "123st", "description": "d2", "website": null, "banner": "", "profile_picture": "", "groups": [], "user_permissions": []}}, {"model": "accounts.user", "pk": 10, "fields": {"password": "pbkdf2_sha256$600000$Et2C2LD2hIGksEOMqnoQvh$JygcwzS5fXsm66JLq9gNAmsNadZkcM1C6THnpgXH+I8=", "last_login": null, "is_superuser": false, "username": "shelter3", "first_name": "h", "last_name": "h", "is_staff": false, "is_active": true, "date_joined": "2023-11-21T21:34:43.044Z", "email": "shelter3@gmail.com", "phone_number": "1234567890", "address": "123st", "description": "d3", "website": null, "banner": "", "profile_picture": "", "groups": [], "user_permissions": []}}, {"model": "accounts.user", "pk": 11, "fields": {"password": "pbkdf2_sha256$600000$QJEpyWzeBOeGEMVzAjjchC$xeoCGzpxhGX322S3VliWPn699sC1L4Rp4rfs2/7fcSs=", "last_login": null, "is_superuser": false, "username": "shelter4", "first_name": "h", "last_name": "h", "is_staff": false, "is_active": true, "date_joined": "2023-11-21T21:35:07.104Z", "email": "shelter4@gmail.com", "phone_number": "1234567890", "address": "123st", "description": "d4", "website": null, "banner": "", "profile_picture": "", "groups": [], "user_permissions": []}}, {"model": "accounts.user", "pk": 12, "fields": {"password": "pbkdf2_sha256$600000$jpCfD0otjjTFi7z8m1CAPV$ryfBClrwYfrLnC6iO0rzaInkH3jI5L9KhM6MHdY8rZc=", "last_login": null, "is_superuser": false, "username": "shelter5", "first_name": "h", "last_name": "h", "is_staff": false, "is_active": true, "date_joined": "2023-11-21T21:35:21.887Z", "email": "shelter5@gmail.com", "phone_number": "1234567890", "address": "123st", "description": "d5", "website": null, "banner": "", "profile_picture": "", "groups": [], "user_permissions": []}}, {"model": "accounts.user", "pk": 13, "fields": {"password": "pbkdf2_sha256$600000$f7oZyjo8EZuyhIlxlovhrO$97xPzAyf++Fe+d1TZP8t5pWPG1DGJu5GmMLQUnnaWXs=", "last_login": null, "is_superuser": false, "username": "shelter6", "first_name": "h", "last_name": "h", "is_staff": false, "is_active": true, "date_joined": "2023-11-21T21:35:38.284Z", "email": "shelter6@gmail.com", "phone_number": "1234567890", "address": "123st", "description": "d6", "website": null, "banner": "", "profile_picture": "", "groups": [], "user_permissions": []}}, {"model": "accounts.user", "pk": 14, "fields": {"password": "pbkdf2_sha256$600000$NQmK7w2TaFHJgEjZ7aRhTX$dDmek7ZXQ5bmh5SwoHyHnRsphU1RHjFBN4h+mhs+hNA=", "last_login": null, "is_superuser": false, "username": "shelter7", "first_name": "h", "last_name": "h", "is_staff": false, "is_active": true, "date_joined": "2023-11-21T21:35:55.411Z", "email": "shelter7@gmail.com", "phone_number": "1234567890", "address": "123st", "description": "d7", "website": null, "banner": "", "profile_picture": "", "groups": [], "user_permissions": []}}, {"model": "accounts.user", "pk": 15, "fields": {"password": "pbkdf2_sha256$600000$I4F5CIeCr5bua8263TpBFt$BAcdWonxGKmYZyiz/oBlRH732lC3CucDYjioZ+20MyE=", "last_login": "2023-11-21T23:27:59.019Z", "is_superuser": true, "username": "charlie", "first_name": "", "last_name": "", "is_staff": true, "is_active": true, "date_joined": "2023-11-21T23:27:55.536Z", "email": "charlietaoxl@gmail.com", "phone_number": null, "address": null, "description": null, "website": null, "banner": "", "profile_picture": "", "groups": [], "user_permissions": []}}, {"model": "accounts.user", "pk": 16, "fields": {"password": "pbkdf2_sha256$600000$0gqWKbaU7ZXwRgk2ak6MCG$Y35qq9ab5JzOs1M4qBddbjJudWxM3Yq4BGaAhd/1UWM=", "last_login": "2023-11-22T05:00:52.074Z", "is_superuser": true, "username": "test", "first_name": "", "last_name": "", "is_staff": true, "is_active": true, "date_joined": "2023-11-22T05:00:28.359Z", "email": "test@test.com", "phone_number": null, "address": null, "description": null, "website": null, "banner": "", "profile_picture": "", "groups": [], "user_permissions": []}}, {"model": "accounts.petseeker", "pk": 1, "fields": {}}, {"model": "accounts.petseeker", "pk": 2, "fields": {}}, {"model": "accounts.petseeker", "pk": 3, "fields": {}}, {"model": "accounts.petseeker", "pk": 4, "fields": {}}, {"model": "accounts.petseeker", "pk": 5, "fields": {}}, {"model": "accounts.petseeker", "pk": 6, "fields": {}}, {"model": "accounts.petseeker", "pk": 7, "fields": {}}, {"model": "accounts.petshelter", "pk": 8, "fields": {"mission_title": "m1", "mission_statement": "ms1"}}, {"model": "accounts.petshelter", "pk": 9, "fields": {"mission_title": "m2", "mission_statement": "ms2"}}, {"model": "accounts.petshelter", "pk": 10, "fields": {"mission_title": "m3", "mission_statement": "ms3"}}, {"model": "accounts.petshelter", "pk": 11, "fields": {"mission_title": "m4", "mission_statement": "ms4"}}, {"model": "accounts.petshelter", "pk": 12, "fields": {"mission_title": "m5", "mission_statement": "ms5"}}, {"model": "accounts.petshelter", "pk": 13, "fields": {"mission_title": "m6", "mission_statement": "ms6"}}, {"model": "accounts.petshelter", "pk": 14, "fields": {"mission_title": "m7", "mission_statement": "ms7"}}, {"model": "pets.pettype", "pk": 1, "fields": {"name": "Cat"}}, {"model": "pets.pettype", "pk": 2, "fields": {"name": "Dog"}}, {"model": "pets.pettype", "pk": 3, "fields": {"name": "Bird"}}, {"model": "pets.pettype", "pk": 4, "fields": {"name": "Rabbit"}}, {"model": "pets.breed", "pk": 1, "fields": {"pet_type": 1, "name": "American Bobtail"}}, {"model": "pets.breed", "pk": 2, "fields": {"pet_type": 1, "name": "Persian Cat"}}, {"model": "pets.breed", "pk": 3, "fields": {"pet_type": 2, "name": "Golden Retriever"}}, {"model": "pets.pet", "pk": 1, "fields": {"name": "Miro", "owner": 8, "status": "available", "sex": "female", "pet_type": 1, "breed": 1, "color": "black", "age": 2.5, "weight": 20.0, "adoption_fee": "10000.99", "adoption_location": "Whatever Location Avenue", "medical_history": "She is always happy!", "notes": "thanks", "picture_1": "pet_images/エビ羊_1_GeXWIUm.png", "picture_2": "", "picture_3": "", "last_modified": "2023-11-21T21:53:48.262Z"}}, {"model": "pets.pet", "pk": 2, "fields": {"name": "Moca", "owner": 8, "status": "available", "sex": "female", "pet_type": 1, "breed": 2, "color": "white", "age": 3.0, "weight": 15.0, "adoption_fee": "10000.99", "adoption_location": "Whatever Location Avenue", "medical_history": "She is always happy!", "notes": "thanks", "picture_1": "pet_images/エビ羊_1_AmumJId.png", "picture_2": "", "picture_3": "", "last_modified": "2023-11-21T21:54:35.342Z"}}, {"model": "pets.pet", "pk": 3, "fields": {"name": "Happy Dog", "owner": 9, "status": "available", "sex": "male", "pet_type": 2, "breed": 3, "color": "brown", "age": 10.0, "weight": 12.0, "adoption_fee": "999.00", "adoption_location": "Whatever Location Avenue", "medical_history": "He is always happy!", "notes": "thanks", "picture_1": "pet_images/dog.jpg", "picture_2": "", "picture_3": "", "last_modified": "2023-11-21T22:01:58.614Z"}}, {"model": "pets.pet", "pk": 4, "fields": {"name": "Unhappy Dog", "owner": 9, "status": "available", "sex": null, "pet_type": 2, "breed": 3, "color": "brown", "age": 10.0, "weight": 12.0, "adoption_fee": "999.00", "adoption_location": "Whatever Location Avenue", "medical_history": "He is always unhappy!", "notes": "thanks", "picture_1": "pet_images/dog_RwuiKWM.jpg", "picture_2": "", "picture_3": "", "last_modified": "2023-11-21T22:03:08.045Z"}}, {"model": "pets.pet", "pk": 5, "fields": {"name": "Pikachu", "owner": 10, "status": "adopted", "sex": null, "pet_type": null, "breed": null, "color": "brown", "age": 10.0, "weight": 100.0, "adoption_fee": "999.00", "adoption_location": "Whatever Location Avenue", "medical_history": "Pika!", "notes": "thanks", "picture_1": "pet_images/pikachu.png", "picture_2": "", "picture_3": "", "last_modified": "2023-11-21T22:26:17.071Z"}}, {"model": "comments.comment", "pk": 1, "fields": {"user": 1, "text": "I should be a proper comment 1 from seeker1 !", "created_at": "2023-11-22T00:09:35.320Z", "reply_to": null, "content_type": 15, "object_id": 1}}, {"model": "comments.comment", "pk": 2, "fields": {"user": 1, "text": "I should be a proper comment 2 from seeker1 !", "created_at": "2023-11-22T00:09:47.610Z", "reply_to": null, "content_type": 15, "object_id": 1}}, {"model": "comments.comment", "pk": 3, "fields": {"user": 8, "text": "I should be a proper comment 1 from shelter 1!", "created_at": "2023-11-22T00:14:02.130Z", "reply_to": null, "content_type": 15, "object_id": 1}}, {"model": "comments.comment", "pk": 4, "fields": {"user": 1, "text": "This is a nice shelter comment from seeker 1", "created_at": "2023-11-22T00:48:16.678Z", "reply_to": null, "content_type": 8, "object_id": 8}}, {"model": "comments.comment", "pk": 5, "fields": {"user": 8, "text": "I comment on my own shelter as the second comment!", "created_at": "2023-11-22T00:49:53.728Z", "reply_to": null, "content_type": 8, "object_id": 8}}, {"model": "comments.comment", "pk": 6, "fields": {"user": 1, "text": "This is a reply from seeker1 regarding shelter1's comment", "created_at": "2023-11-22T01:22:37.641Z", "reply_to": 3, "content_type": 15, "object_id": 1}}, {"model": "comments.rating", "pk": 1, "fields": {"user": 1, "shelter": 8, "rating": 5}}, {"model": "comments.rating", "pk": 2, "fields": {"user": 1, "shelter": 8, "rating": 5}}, {"model": "notifications.notification", "pk": 1, "fields": {"user": 1, "created_at": "2023-11-22T04:49:28.856Z", "read": false, "content_type": 15, "object_id": 1, "notification_type": "status_update"}}, {"model": "notifications.notification", "pk": 2, "fields": {"user": 8, "created_at": "2023-11-22T04:52:41.240Z", "read": false, "content_type": 15, "object_id": 1, "notification_type": "application_creation"}}, {"model": "notifications.notification", "pk": 3, "fields": {"user": 8, "created_at": "2023-11-22T05:05:52.426Z", "read": false, "content_type": 13, "object_id": 4, "notification_type": "new_review"}}, {"model": "notifications.notification", "pk": 4, "fields": {"user": 8, "created_at": "2023-11-22T05:08:23.899Z", "read": false, "content_type": 13, "object_id": 1, "notification_type": "new_message"}}, {"model": "notifications.notification", "pk": 5, "fields": {"user": 2, "created_at": "2023-11-22T05:11:13.273Z", "read": true, "content_type": 11, "object_id": 4, "notification_type": "new_pet_listing"}}, {"model": "applications.application", "pk": 1, "fields": {"pet": 1, "user": 1, "status": "pending", "name": "Seeker 1", "phone_number": "1111111111", "email": "test@test.com", "address": "Whatever!!!", "qualifications": "Nothing!", "digital_signature": "wow", "created_at": "2023-11-21T22:06:15.942Z", "last_updated": "2023-11-22T01:22:37.644Z"}}, {"model": "applications.application", "pk": 2, "fields": {"pet": 2, "user": 1, "status": "pending", "name": "Seeker 1", "phone_number": "1111111111", "email": "test@test.com", "address": "Whatever!!!", "qualifications": "Nothing!", "digital_signature": "wow", "created_at": "2023-11-21T22:08:29.029Z", "last_updated": "2023-11-21T22:08:29.029Z"}}, {"model": "applications.application", "pk": 3, "fields": {"pet": 3, "user": 1, "status": "pending", "name": "Seeker 1", "phone_number": "1111111111", "email": "test@test.com", "address": "Whatever!!!", "qualifications": "Nothing!", "digital_signature": "wow", "created_at": "2023-11-21T22:09:07.890Z", "last_updated": "2023-11-21T22:09:07.890Z"}}, {"model": "applications.application", "pk": 4, "fields": {"pet": 1, "user": 2, "status": "pending", "name": "Seeker 2", "phone_number": "1111111111", "email": "test@test.com", "address": "Whatever!!!", "qualifications": "Nothing!", "digital_signature": "wow", "created_at": "2023-11-21T22:10:11.553Z", "last_updated": "2023-11-21T22:10:11.553Z"}}, {"model": "applications.application", "pk": 5, "fields": {"pet": 3, "user": 3, "status": "pending", "name": "Seeker 3", "phone_number": "1111111111", "email": "test@test.com", "address": "Whatever!!!", "qualifications": "Nothing!", "digital_signature": "wow", "created_at": "2023-11-21T22:14:24.578Z", "last_updated": "2023-11-21T22:14:24.578Z"}}]