[{"model": "admin.logentry", "pk": 1, "fields": {"action_time": "2023-11-29T01:17:40.653Z", "user": 18, "content_type": 11, "object_id": "6", "object_repr": "dfds:6", "action_flag": 1, "change_message": "[{\"added\": {}}]"}}, {"model": "admin.logentry", "pk": 2, "fields": {"action_time": "2023-11-30T06:00:12.094Z", "user": 18, "content_type": 7, "object_id": "2", "object_repr": "2", "action_flag": 2, "change_message": "[{\"changed\": {\"fields\": [\"Profile picture\"]}}]"}}, {"model": "admin.logentry", "pk": 3, "fields": {"action_time": "2023-11-30T06:01:03.433Z", "user": 18, "content_type": 8, "object_id": "12", "object_repr": "12", "action_flag": 2, "change_message": "[{\"changed\": {\"fields\": [\"Profile picture\"]}}]"}}, {"model": "admin.logentry", "pk": 4, "fields": {"action_time": "2023-11-30T06:02:12.807Z", "user": 18, "content_type": 8, "object_id": "19", "object_repr": "19", "action_flag": 2, "change_message": "[{\"changed\": {\"fields\": [\"Profile picture\"]}}]"}}, {"model": "admin.logentry", "pk": 5, "fields": {"action_time": "2023-11-30T06:03:27.394Z", "user": 18, "content_type": 8, "object_id": "9", "object_repr": "9", "action_flag": 2, "change_message": "[{\"changed\": {\"fields\": [\"Profile picture\"]}}]"}}, {"model": "admin.logentry", "pk": 6, "fields": {"action_time": "2023-11-30T06:03:47.287Z", "user": 18, "content_type": 8, "object_id": "21", "object_repr": "21", "action_flag": 2, "change_message": "[{\"changed\": {\"fields\": [\"Profile picture\"]}}]"}}, {"model": "admin.logentry", "pk": 7, "fields": {"action_time": "2023-11-30T19:48:08.466Z", "user": 18, "content_type": 11, "object_id": "7", "object_repr": "Kai's pet:7", "action_flag": 1, "change_message": "[{\"added\": {}}]"}}, {"model": "admin.logentry", "pk": 8, "fields": {"action_time": "2023-11-30T20:14:58.338Z", "user": 18, "content_type": 11, "object_id": "8", "object_repr": "Kareem's pet:8", "action_flag": 1, "change_message": "[{\"added\": {}}]"}}, {"model": "admin.logentry", "pk": 9, "fields": {"action_time": "2023-11-30T20:16:24.251Z", "user": 18, "content_type": 11, "object_id": "9", "object_repr": "Charlie's pet:9", "action_flag": 1, "change_message": "[{\"added\": {}}]"}}, {"model": "admin.logentry", "pk": 10, "fields": {"action_time": "2023-11-30T20:17:26.118Z", "user": 18, "content_type": 11, "object_id": "10", "object_repr": "Hans's pet:10", "action_flag": 1, "change_message": "[{\"added\": {}}]"}}, {"model": "admin.logentry", "pk": 11, "fields": {"action_time": "2023-12-01T02:06:53.785Z", "user": 18, "content_type": 14, "object_id": "6", "object_repr": "Notification object (6)", "action_flag": 1, "change_message": "[{\"added\": {}}]"}}, {"model": "admin.logentry", "pk": 12, "fields": {"action_time": "2023-12-01T02:08:26.877Z", "user": 18, "content_type": 14, "object_id": "6", "object_repr": "Notification object (6)", "action_flag": 2, "change_message": "[{\"changed\": {\"fields\": [\"Notification type\"]}}]"}}, {"model": "admin.logentry", "pk": 13, "fields": {"action_time": "2023-12-01T02:10:27.725Z", "user": 18, "content_type": 14, "object_id": "7", "object_repr": "Notification object (7)", "action_flag": 1, "change_message": "[{\"added\": {}}]"}}, {"model": "admin.logentry", "pk": 14, "fields": {"action_time": "2023-12-01T02:19:06.291Z", "user": 18, "content_type": 14, "object_id": "8", "object_repr": "Notification object (8)", "action_flag": 1, "change_message": "[{\"added\": {}}]"}}, {"model": "admin.logentry", "pk": 15, "fields": {"action_time": "2023-12-01T02:19:12.799Z", "user": 18, "content_type": 14, "object_id": "8", "object_repr": "Notification object (8)", "action_flag": 2, "change_message": "[]"}}, {"model": "admin.logentry", "pk": 16, "fields": {"action_time": "2023-12-01T02:19:25.534Z", "user": 18, "content_type": 14, "object_id": "9", "object_repr": "Notification object (9)", "action_flag": 1, "change_message": "[{\"added\": {}}]"}}, {"model": "admin.logentry", "pk": 17, "fields": {"action_time": "2023-12-01T02:19:36.185Z", "user": 18, "content_type": 14, "object_id": "10", "object_repr": "Notification object (10)", "action_flag": 1, "change_message": "[{\"added\": {}}]"}}, {"model": "admin.logentry", "pk": 18, "fields": {"action_time": "2023-12-01T02:20:01.118Z", "user": 18, "content_type": 14, "object_id": "11", "object_repr": "Notification object (11)", "action_flag": 1, "change_message": "[{\"added\": {}}]"}}, {"model": "admin.logentry", "pk": 19, "fields": {"action_time": "2023-12-01T02:22:24.980Z", "user": 18, "content_type": 11, "object_id": "5", "object_repr": "Pikachu:5", "action_flag": 2, "change_message": "[{\"changed\": {\"fields\": [\"Status\"]}}]"}}, {"model": "admin.logentry", "pk": 20, "fields": {"action_time": "2023-12-01T06:32:09.137Z", "user": 18, "content_type": 14, "object_id": "1", "object_repr": "Notification object (1)", "action_flag": 2, "change_message": "[{\"changed\": {\"fields\": [\"Object id\"]}}]"}}, {"model": "admin.logentry", "pk": 21, "fields": {"action_time": "2023-12-01T06:32:12.413Z", "user": 18, "content_type": 14, "object_id": "1", "object_repr": "Notification object (1)", "action_flag": 2, "change_message": "[]"}}, {"model": "admin.logentry", "pk": 22, "fields": {"action_time": "2023-12-01T06:32:14.692Z", "user": 18, "content_type": 14, "object_id": "6", "object_repr": "Notification object (6)", "action_flag": 2, "change_message": "[]"}}, {"model": "admin.logentry", "pk": 23, "fields": {"action_time": "2023-12-01T06:32:18.309Z", "user": 18, "content_type": 14, "object_id": "7", "object_repr": "Notification object (7)", "action_flag": 2, "change_message": "[{\"changed\": {\"fields\": [\"Object id\"]}}]"}}, {"model": "admin.logentry", "pk": 24, "fields": {"action_time": "2023-12-01T06:32:22.240Z", "user": 18, "content_type": 14, "object_id": "8", "object_repr": "Notification object (8)", "action_flag": 2, "change_message": "[{\"changed\": {\"fields\": [\"Object id\"]}}]"}}, {"model": "admin.logentry", "pk": 25, "fields": {"action_time": "2023-12-01T06:32:27.233Z", "user": 18, "content_type": 14, "object_id": "9", "object_repr": "Notification object (9)", "action_flag": 2, "change_message": "[{\"changed\": {\"fields\": [\"Object id\"]}}]"}}, {"model": "admin.logentry", "pk": 26, "fields": {"action_time": "2023-12-01T06:32:29.711Z", "user": 18, "content_type": 14, "object_id": "9", "object_repr": "Notification object (9)", "action_flag": 2, "change_message": "[]"}}, {"model": "admin.logentry", "pk": 27, "fields": {"action_time": "2023-12-01T06:32:33.197Z", "user": 18, "content_type": 14, "object_id": "10", "object_repr": "Notification object (10)", "action_flag": 2, "change_message": "[{\"changed\": {\"fields\": [\"Object id\"]}}]"}}, {"model": "admin.logentry", "pk": 28, "fields": {"action_time": "2023-12-01T06:32:35.641Z", "user": 18, "content_type": 14, "object_id": "11", "object_repr": "Notification object (11)", "action_flag": 2, "change_message": "[]"}}, {"model": "admin.logentry", "pk": 29, "fields": {"action_time": "2023-12-01T06:33:59.100Z", "user": 18, "content_type": 14, "object_id": "1", "object_repr": "Notification object (1)", "action_flag": 2, "change_message": "[{\"changed\": {\"fields\": [\"User\"]}}]"}}, {"model": "admin.logentry", "pk": 30, "fields": {"action_time": "2023-12-01T06:34:08.416Z", "user": 18, "content_type": 14, "object_id": "5", "object_repr": "Notification object (5)", "action_flag": 2, "change_message": "[{\"changed\": {\"fields\": [\"User\"]}}]"}}, {"model": "admin.logentry", "pk": 31, "fields": {"action_time": "2023-12-01T06:34:11.068Z", "user": 18, "content_type": 14, "object_id": "6", "object_repr": "Notification object (6)", "action_flag": 2, "change_message": "[]"}}, {"model": "admin.logentry", "pk": 32, "fields": {"action_time": "2023-12-01T06:34:13.687Z", "user": 18, "content_type": 14, "object_id": "7", "object_repr": "Notification object (7)", "action_flag": 2, "change_message": "[]"}}, {"model": "admin.logentry", "pk": 33, "fields": {"action_time": "2023-12-01T06:34:15.731Z", "user": 18, "content_type": 14, "object_id": "8", "object_repr": "Notification object (8)", "action_flag": 2, "change_message": "[]"}}, {"model": "admin.logentry", "pk": 34, "fields": {"action_time": "2023-12-01T06:34:18.287Z", "user": 18, "content_type": 14, "object_id": "9", "object_repr": "Notification object (9)", "action_flag": 2, "change_message": "[]"}}, {"model": "admin.logentry", "pk": 35, "fields": {"action_time": "2023-12-01T06:34:20.925Z", "user": 18, "content_type": 14, "object_id": "10", "object_repr": "Notification object (10)", "action_flag": 2, "change_message": "[]"}}, {"model": "admin.logentry", "pk": 36, "fields": {"action_time": "2023-12-01T06:34:23.445Z", "user": 18, "content_type": 14, "object_id": "11", "object_repr": "Notification object (11)", "action_flag": 2, "change_message": "[]"}}, {"model": "admin.logentry", "pk": 37, "fields": {"action_time": "2023-12-01T06:36:28.723Z", "user": 18, "content_type": 14, "object_id": "11", "object_repr": "Notification object (11)", "action_flag": 3, "change_message": ""}}, {"model": "admin.logentry", "pk": 38, "fields": {"action_time": "2023-12-01T06:36:28.726Z", "user": 18, "content_type": 14, "object_id": "10", "object_repr": "Notification object (10)", "action_flag": 3, "change_message": ""}}, {"model": "admin.logentry", "pk": 39, "fields": {"action_time": "2023-12-01T06:36:28.727Z", "user": 18, "content_type": 14, "object_id": "9", "object_repr": "Notification object (9)", "action_flag": 3, "change_message": ""}}, {"model": "admin.logentry", "pk": 40, "fields": {"action_time": "2023-12-01T06:36:28.730Z", "user": 18, "content_type": 14, "object_id": "8", "object_repr": "Notification object (8)", "action_flag": 3, "change_message": ""}}, {"model": "admin.logentry", "pk": 41, "fields": {"action_time": "2023-12-01T06:36:28.731Z", "user": 18, "content_type": 14, "object_id": "7", "object_repr": "Notification object (7)", "action_flag": 3, "change_message": ""}}, {"model": "admin.logentry", "pk": 42, "fields": {"action_time": "2023-12-01T06:36:28.733Z", "user": 18, "content_type": 14, "object_id": "6", "object_repr": "Notification object (6)", "action_flag": 3, "change_message": ""}}, {"model": "admin.logentry", "pk": 43, "fields": {"action_time": "2023-12-01T06:36:28.736Z", "user": 18, "content_type": 14, "object_id": "5", "object_repr": "Notification object (5)", "action_flag": 3, "change_message": ""}}, {"model": "admin.logentry", "pk": 44, "fields": {"action_time": "2023-12-01T06:36:28.737Z", "user": 18, "content_type": 14, "object_id": "1", "object_repr": "Notification object (1)", "action_flag": 3, "change_message": ""}}, {"model": "admin.logentry", "pk": 45, "fields": {"action_time": "2023-12-01T06:37:20.397Z", "user": 18, "content_type": 14, "object_id": "12", "object_repr": "Notification object (12)", "action_flag": 1, "change_message": "[{\"added\": {}}]"}}, {"model": "admin.logentry", "pk": 46, "fields": {"action_time": "2023-12-01T06:39:04.273Z", "user": 18, "content_type": 14, "object_id": "13", "object_repr": "Notification object (13)", "action_flag": 1, "change_message": "[{\"added\": {}}]"}}, {"model": "admin.logentry", "pk": 47, "fields": {"action_time": "2023-12-01T06:39:16.607Z", "user": 18, "content_type": 14, "object_id": "14", "object_repr": "Notification object (14)", "action_flag": 1, "change_message": "[{\"added\": {}}]"}}, {"model": "admin.logentry", "pk": 48, "fields": {"action_time": "2023-12-01T07:00:10.808Z", "user": 18, "content_type": 14, "object_id": "15", "object_repr": "Notification object (15)", "action_flag": 1, "change_message": "[{\"added\": {}}]"}}, {"model": "admin.logentry", "pk": 49, "fields": {"action_time": "2023-12-01T09:26:21.779Z", "user": 18, "content_type": 14, "object_id": "16", "object_repr": "Notification object (16)", "action_flag": 1, "change_message": "[{\"added\": {}}]"}}, {"model": "admin.logentry", "pk": 50, "fields": {"action_time": "2023-12-01T09:26:33.895Z", "user": 18, "content_type": 14, "object_id": "17", "object_repr": "Notification object (17)", "action_flag": 1, "change_message": "[{\"added\": {}}]"}}, {"model": "admin.logentry", "pk": 51, "fields": {"action_time": "2023-12-01T09:26:44.976Z", "user": 18, "content_type": 14, "object_id": "18", "object_repr": "Notification object (18)", "action_flag": 1, "change_message": "[{\"added\": {}}]"}}, {"model": "admin.logentry", "pk": 52, "fields": {"action_time": "2023-12-01T09:26:55.917Z", "user": 18, "content_type": 14, "object_id": "19", "object_repr": "Notification object (19)", "action_flag": 1, "change_message": "[{\"added\": {}}]"}}, {"model": "admin.logentry", "pk": 53, "fields": {"action_time": "2023-12-01T18:07:26.640Z", "user": 18, "content_type": 14, "object_id": "20", "object_repr": "Notification object (20)", "action_flag": 1, "change_message": "[{\"added\": {}}]"}}, {"model": "admin.logentry", "pk": 54, "fields": {"action_time": "2023-12-01T18:08:12.158Z", "user": 18, "content_type": 14, "object_id": "21", "object_repr": "Notification object (21)", "action_flag": 1, "change_message": "[{\"added\": {}}]"}}, {"model": "admin.logentry", "pk": 55, "fields": {"action_time": "2023-12-01T18:26:24.195Z", "user": 18, "content_type": 14, "object_id": "22", "object_repr": "Notification object (22)", "action_flag": 1, "change_message": "[{\"added\": {}}]"}}, {"model": "admin.logentry", "pk": 56, "fields": {"action_time": "2023-12-01T18:38:33.758Z", "user": 18, "content_type": 14, "object_id": "23", "object_repr": "Notification object (23)", "action_flag": 1, "change_message": "[{\"added\": {}}]"}}, {"model": "admin.logentry", "pk": 57, "fields": {"action_time": "2023-12-01T18:41:39.462Z", "user": 18, "content_type": 14, "object_id": "24", "object_repr": "Notification object (24)", "action_flag": 1, "change_message": "[{\"added\": {}}]"}}, {"model": "admin.logentry", "pk": 58, "fields": {"action_time": "2023-12-01T19:00:47.079Z", "user": 18, "content_type": 14, "object_id": "25", "object_repr": "Notification object (25)", "action_flag": 1, "change_message": "[{\"added\": {}}]"}}, {"model": "admin.logentry", "pk": 59, "fields": {"action_time": "2023-12-01T20:02:04.617Z", "user": 18, "content_type": 14, "object_id": "25", "object_repr": "Notification object (25)", "action_flag": 2, "change_message": "[{\"changed\": {\"fields\": [\"Read\"]}}]"}}, {"model": "admin.logentry", "pk": 60, "fields": {"action_time": "2023-12-01T20:02:08.838Z", "user": 18, "content_type": 14, "object_id": "24", "object_repr": "Notification object (24)", "action_flag": 2, "change_message": "[{\"changed\": {\"fields\": [\"Read\"]}}]"}}, {"model": "admin.logentry", "pk": 61, "fields": {"action_time": "2023-12-01T20:10:26.967Z", "user": 18, "content_type": 14, "object_id": "26", "object_repr": "Notification object (26)", "action_flag": 1, "change_message": "[{\"added\": {}}]"}}, {"model": "admin.logentry", "pk": 62, "fields": {"action_time": "2023-12-01T20:14:51.791Z", "user": 18, "content_type": 14, "object_id": "26", "object_repr": "Notification object (26)", "action_flag": 2, "change_message": "[{\"changed\": {\"fields\": [\"Read\"]}}]"}}, {"model": "admin.logentry", "pk": 63, "fields": {"action_time": "2023-12-01T20:14:54.880Z", "user": 18, "content_type": 14, "object_id": "25", "object_repr": "Notification object (25)", "action_flag": 2, "change_message": "[{\"changed\": {\"fields\": [\"Read\"]}}]"}}, {"model": "admin.logentry", "pk": 64, "fields": {"action_time": "2023-12-01T20:14:57.558Z", "user": 18, "content_type": 14, "object_id": "24", "object_repr": "Notification object (24)", "action_flag": 2, "change_message": "[{\"changed\": {\"fields\": [\"Read\"]}}]"}}, {"model": "admin.logentry", "pk": 65, "fields": {"action_time": "2023-12-01T20:15:00.764Z", "user": 18, "content_type": 14, "object_id": "23", "object_repr": "Notification object (23)", "action_flag": 2, "change_message": "[{\"changed\": {\"fields\": [\"Read\"]}}]"}}, {"model": "admin.logentry", "pk": 66, "fields": {"action_time": "2023-12-01T20:15:04.260Z", "user": 18, "content_type": 14, "object_id": "22", "object_repr": "Notification object (22)", "action_flag": 2, "change_message": "[{\"changed\": {\"fields\": [\"Read\"]}}]"}}, {"model": "admin.logentry", "pk": 67, "fields": {"action_time": "2023-12-01T20:15:07.512Z", "user": 18, "content_type": 14, "object_id": "20", "object_repr": "Notification object (20)", "action_flag": 2, "change_message": "[{\"changed\": {\"fields\": [\"Read\"]}}]"}}, {"model": "admin.logentry", "pk": 68, "fields": {"action_time": "2023-12-01T22:21:13.897Z", "user": 18, "content_type": 14, "object_id": "25", "object_repr": "Notification object (25)", "action_flag": 2, "change_message": "[{\"changed\": {\"fields\": [\"Read\"]}}]"}}, {"model": "admin.logentry", "pk": 69, "fields": {"action_time": "2023-12-01T22:21:17.238Z", "user": 18, "content_type": 14, "object_id": "22", "object_repr": "Notification object (22)", "action_flag": 2, "change_message": "[{\"changed\": {\"fields\": [\"Read\"]}}]"}}, {"model": "admin.logentry", "pk": 70, "fields": {"action_time": "2023-12-01T22:21:20.896Z", "user": 18, "content_type": 14, "object_id": "17", "object_repr": "Notification object (17)", "action_flag": 2, "change_message": "[{\"changed\": {\"fields\": [\"Read\"]}}]"}}, {"model": "admin.logentry", "pk": 71, "fields": {"action_time": "2023-12-01T22:24:08.062Z", "user": 18, "content_type": 14, "object_id": "24", "object_repr": "Notification object (24)", "action_flag": 2, "change_message": "[{\"changed\": {\"fields\": [\"Read\"]}}]"}}, {"model": "admin.logentry", "pk": 72, "fields": {"action_time": "2023-12-01T22:24:14.482Z", "user": 18, "content_type": 14, "object_id": "23", "object_repr": "Notification object (23)", "action_flag": 2, "change_message": "[{\"changed\": {\"fields\": [\"Read\"]}}]"}}, {"model": "admin.logentry", "pk": 73, "fields": {"action_time": "2023-12-01T22:39:55.801Z", "user": 18, "content_type": 14, "object_id": "27", "object_repr": "Notification object (27)", "action_flag": 1, "change_message": "[{\"added\": {}}]"}}, {"model": "admin.logentry", "pk": 74, "fields": {"action_time": "2023-12-01T22:40:09.078Z", "user": 18, "content_type": 14, "object_id": "28", "object_repr": "Notification object (28)", "action_flag": 1, "change_message": "[{\"added\": {}}]"}}, {"model": "admin.logentry", "pk": 75, "fields": {"action_time": "2023-12-01T23:23:50.366Z", "user": 18, "content_type": 14, "object_id": "29", "object_repr": "Notification object (29)", "action_flag": 1, "change_message": "[{\"added\": {}}]"}}, {"model": "admin.logentry", "pk": 76, "fields": {"action_time": "2023-12-01T23:44:44.727Z", "user": 18, "content_type": 14, "object_id": "30", "object_repr": "Notification object (30)", "action_flag": 1, "change_message": "[{\"added\": {}}]"}}, {"model": "admin.logentry", "pk": 77, "fields": {"action_time": "2023-12-02T22:12:52.602Z", "user": 18, "content_type": 14, "object_id": "31", "object_repr": "Notification object (31)", "action_flag": 1, "change_message": "[{\"added\": {}}]"}}, {"model": "admin.logentry", "pk": 78, "fields": {"action_time": "2023-12-02T22:13:25.359Z", "user": 18, "content_type": 14, "object_id": "32", "object_repr": "Notification object (32)", "action_flag": 1, "change_message": "[{\"added\": {}}]"}}, {"model": "admin.logentry", "pk": 79, "fields": {"action_time": "2023-12-02T22:13:36.972Z", "user": 18, "content_type": 14, "object_id": "33", "object_repr": "Notification object (33)", "action_flag": 1, "change_message": "[{\"added\": {}}]"}}, {"model": "admin.logentry", "pk": 80, "fields": {"action_time": "2023-12-04T22:39:31.438Z", "user": 32, "content_type": 15, "object_id": "6", "object_repr": "Application object (6)", "action_flag": 1, "change_message": "[{\"added\": {}}]"}}, {"model": "admin.logentry", "pk": 81, "fields": {"action_time": "2023-12-04T23:05:37.169Z", "user": 32, "content_type": 14, "object_id": "31", "object_repr": "Notification object (31)", "action_flag": 2, "change_message": "[{\"changed\": {\"fields\": [\"Read\"]}}]"}}, {"model": "admin.logentry", "pk": 82, "fields": {"action_time": "2023-12-05T02:52:17.788Z", "user": 32, "content_type": 11, "object_id": "10", "object_repr": "Hans's pet:10", "action_flag": 2, "change_message": "[{\"changed\": {\"fields\": [\"Breed\"]}}]"}}, {"model": "admin.logentry", "pk": 83, "fields": {"action_time": "2023-12-05T02:54:08.059Z", "user": 32, "content_type": 11, "object_id": "9", "object_repr": "Charlie's pet:9", "action_flag": 2, "change_message": "[{\"changed\": {\"fields\": [\"Pet type\", \"Breed\"]}}]"}}, {"model": "admin.logentry", "pk": 84, "fields": {"action_time": "2023-12-05T02:56:37.112Z", "user": 32, "content_type": 11, "object_id": "8", "object_repr": "Kareem's pet:8", "action_flag": 2, "change_message": "[{\"changed\": {\"fields\": [\"Pet type\"]}}]"}}, {"model": "admin.logentry", "pk": 85, "fields": {"action_time": "2023-12-05T03:17:49.840Z", "user": 32, "content_type": 11, "object_id": "11", "object_repr": "jdjkfjsd:11", "action_flag": 1, "change_message": "[{\"added\": {}}]"}}, {"model": "admin.logentry", "pk": 86, "fields": {"action_time": "2023-12-05T03:18:33.181Z", "user": 32, "content_type": 11, "object_id": "12", "object_repr": "df:12", "action_flag": 1, "change_message": "[{\"added\": {}}]"}}, {"model": "admin.logentry", "pk": 87, "fields": {"action_time": "2023-12-05T08:21:49.990Z", "user": 32, "content_type": 16, "object_id": "1", "object_repr": "kjdkjfsdj:1", "action_flag": 1, "change_message": "[{\"added\": {}}]"}}, {"model": "admin.logentry", "pk": 88, "fields": {"action_time": "2023-12-05T08:32:11.781Z", "user": 32, "content_type": 16, "object_id": "1", "object_repr": "kjdkjfsdj:1", "action_flag": 2, "change_message": "[{\"changed\": {\"fields\": [\"Owner\"]}}]"}}, {"model": "admin.logentry", "pk": 89, "fields": {"action_time": "2023-12-05T23:17:41.672Z", "user": 32, "content_type": 14, "object_id": "34", "object_repr": "Notification object (34)", "action_flag": 1, "change_message": "[{\"added\": {}}]"}}, {"model": "admin.logentry", "pk": 90, "fields": {"action_time": "2023-12-05T23:22:31.694Z", "user": 32, "content_type": 14, "object_id": "35", "object_repr": "Notification object (35)", "action_flag": 1, "change_message": "[{\"added\": {}}]"}}, {"model": "admin.logentry", "pk": 91, "fields": {"action_time": "2023-12-05T23:25:23.147Z", "user": 32, "content_type": 14, "object_id": "36", "object_repr": "Notification object (36)", "action_flag": 1, "change_message": "[{\"added\": {}}]"}}, {"model": "admin.logentry", "pk": 92, "fields": {"action_time": "2023-12-05T23:25:47.857Z", "user": 32, "content_type": 14, "object_id": "37", "object_repr": "Notification object (37)", "action_flag": 1, "change_message": "[{\"added\": {}}]"}}, {"model": "admin.logentry", "pk": 93, "fields": {"action_time": "2023-12-05T23:31:29.752Z", "user": 32, "content_type": 11, "object_id": "8", "object_repr": "Kareem's pet:8", "action_flag": 2, "change_message": "[{\"changed\": {\"fields\": [\"Breed\"]}}]"}}, {"model": "admin.logentry", "pk": 94, "fields": {"action_time": "2023-12-05T23:31:36.209Z", "user": 32, "content_type": 11, "object_id": "11", "object_repr": "jdjkfjsd:11", "action_flag": 2, "change_message": "[{\"changed\": {\"fields\": [\"Breed\"]}}]"}}, {"model": "admin.logentry", "pk": 95, "fields": {"action_time": "2023-12-05T23:37:14.130Z", "user": 32, "content_type": 14, "object_id": "38", "object_repr": "Notification object (38)", "action_flag": 1, "change_message": "[{\"added\": {}}]"}}, {"model": "admin.logentry", "pk": 96, "fields": {"action_time": "2023-12-06T09:56:18.026Z", "user": 18, "content_type": 11, "object_id": "8", "object_repr": "Kareem's pet:8", "action_flag": 2, "change_message": "[{\"changed\": {\"fields\": [\"Status\"]}}]"}}, {"model": "admin.logentry", "pk": 97, "fields": {"action_time": "2023-12-06T21:32:44.289Z", "user": 18, "content_type": 7, "object_id": "35", "object_repr": "35", "action_flag": 2, "change_message": "[{\"changed\": {\"fields\": [\"Profile picture\"]}}]"}}, {"model": "admin.logentry", "pk": 98, "fields": {"action_time": "2023-12-06T21:34:52.827Z", "user": 18, "content_type": 8, "object_id": "34", "object_repr": "34", "action_flag": 2, "change_message": "[{\"changed\": {\"fields\": [\"Username\", \"Profile picture\"]}}]"}}, {"model": "admin.logentry", "pk": 99, "fields": {"action_time": "2023-12-06T21:35:43.273Z", "user": 18, "content_type": 8, "object_id": "33", "object_repr": "33", "action_flag": 2, "change_message": "[{\"changed\": {\"fields\": [\"Username\", \"Profile picture\"]}}]"}}, {"model": "admin.logentry", "pk": 100, "fields": {"action_time": "2023-12-06T21:36:11.149Z", "user": 18, "content_type": 8, "object_id": "29", "object_repr": "29", "action_flag": 2, "change_message": "[{\"changed\": {\"fields\": [\"Username\", \"Profile picture\"]}}]"}}, {"model": "admin.logentry", "pk": 101, "fields": {"action_time": "2023-12-06T21:39:32.391Z", "user": 18, "content_type": 8, "object_id": "24", "object_repr": "24", "action_flag": 2, "change_message": "[{\"changed\": {\"fields\": [\"Username\", \"Profile picture\"]}}]"}}, {"model": "admin.logentry", "pk": 102, "fields": {"action_time": "2023-12-06T21:40:24.108Z", "user": 18, "content_type": 8, "object_id": "23", "object_repr": "23", "action_flag": 2, "change_message": "[{\"changed\": {\"fields\": [\"Username\", \"Profile picture\"]}}]"}}, {"model": "admin.logentry", "pk": 103, "fields": {"action_time": "2023-12-06T21:40:43.583Z", "user": 18, "content_type": 8, "object_id": "22", "object_repr": "22", "action_flag": 2, "change_message": "[]"}}, {"model": "admin.logentry", "pk": 104, "fields": {"action_time": "2023-12-06T21:40:51.317Z", "user": 18, "content_type": 8, "object_id": "22", "object_repr": "22", "action_flag": 2, "change_message": "[]"}}, {"model": "admin.logentry", "pk": 105, "fields": {"action_time": "2023-12-06T21:41:13.452Z", "user": 18, "content_type": 8, "object_id": "21", "object_repr": "21", "action_flag": 2, "change_message": "[{\"changed\": {\"fields\": [\"Username\"]}}]"}}, {"model": "admin.logentry", "pk": 106, "fields": {"action_time": "2023-12-06T21:41:38.705Z", "user": 18, "content_type": 8, "object_id": "19", "object_repr": "19", "action_flag": 2, "change_message": "[{\"changed\": {\"fields\": [\"Username\"]}}]"}}, {"model": "admin.logentry", "pk": 107, "fields": {"action_time": "2023-12-06T21:46:11.864Z", "user": 18, "content_type": 8, "object_id": "10", "object_repr": "10", "action_flag": 2, "change_message": "[{\"changed\": {\"fields\": [\"Username\", \"First name\", \"Last name\", \"Email\", \"Phone number\", \"Description\", \"Mission title\", \"Mission statement\"]}}]"}}, {"model": "admin.logentry", "pk": 108, "fields": {"action_time": "2023-12-06T21:47:09.368Z", "user": 18, "content_type": 8, "object_id": "10", "object_repr": "10", "action_flag": 2, "change_message": "[{\"changed\": {\"fields\": [\"Profile picture\"]}}]"}}, {"model": "admin.logentry", "pk": 109, "fields": {"action_time": "2023-12-06T21:48:57.032Z", "user": 18, "content_type": 8, "object_id": "10", "object_repr": "10", "action_flag": 2, "change_message": "[{\"changed\": {\"fields\": [\"Profile picture\"]}}]"}}, {"model": "admin.logentry", "pk": 110, "fields": {"action_time": "2023-12-06T21:51:44.298Z", "user": 18, "content_type": 8, "object_id": "11", "object_repr": "11", "action_flag": 2, "change_message": "[{\"changed\": {\"fields\": [\"Username\", \"Email\", \"Phone number\", \"Address\", \"Description\", \"Mission title\", \"Mission statement\"]}}]"}}, {"model": "admin.logentry", "pk": 111, "fields": {"action_time": "2023-12-06T21:52:27.233Z", "user": 18, "content_type": 8, "object_id": "10", "object_repr": "10", "action_flag": 2, "change_message": "[{\"changed\": {\"fields\": [\"Profile picture\"]}}]"}}, {"model": "admin.logentry", "pk": 112, "fields": {"action_time": "2023-12-06T21:52:44.070Z", "user": 18, "content_type": 8, "object_id": "11", "object_repr": "11", "action_flag": 2, "change_message": "[{\"changed\": {\"fields\": [\"Profile picture\"]}}]"}}, {"model": "admin.logentry", "pk": 113, "fields": {"action_time": "2023-12-06T21:55:43.371Z", "user": 18, "content_type": 8, "object_id": "11", "object_repr": "11", "action_flag": 2, "change_message": "[{\"changed\": {\"fields\": [\"Username\"]}}]"}}, {"model": "admin.logentry", "pk": 114, "fields": {"action_time": "2023-12-06T21:56:32.012Z", "user": 18, "content_type": 8, "object_id": "10", "object_repr": "10", "action_flag": 2, "change_message": "[{\"changed\": {\"fields\": [\"Address\", \"Description\"]}}]"}}, {"model": "admin.logentry", "pk": 115, "fields": {"action_time": "2023-12-06T22:00:32.482Z", "user": 18, "content_type": 7, "object_id": "1", "object_repr": "1", "action_flag": 2, "change_message": "[{\"changed\": {\"fields\": [\"Username\", \"Email\", \"Phone number\", \"Address\", \"Description\", \"Profile picture\"]}}]"}}, {"model": "admin.logentry", "pk": 116, "fields": {"action_time": "2023-12-06T22:02:10.529Z", "user": 18, "content_type": 7, "object_id": "2", "object_repr": "2", "action_flag": 2, "change_message": "[{\"changed\": {\"fields\": [\"Username\", \"Email\", \"Phone number\", \"Address\", \"Description\", \"Profile picture\"]}}]"}}, {"model": "admin.logentry", "pk": 117, "fields": {"action_time": "2023-12-06T22:03:37.481Z", "user": 18, "content_type": 8, "object_id": "12", "object_repr": "12", "action_flag": 2, "change_message": "[{\"changed\": {\"fields\": [\"Username\", \"Email\", \"Phone number\", \"Address\"]}}]"}}, {"model": "admin.logentry", "pk": 118, "fields": {"action_time": "2023-12-06T22:04:53.068Z", "user": 18, "content_type": 8, "object_id": "11", "object_repr": "11", "action_flag": 2, "change_message": "[{\"changed\": {\"fields\": [\"Description\"]}}]"}}, {"model": "admin.logentry", "pk": 119, "fields": {"action_time": "2023-12-06T22:05:17.427Z", "user": 18, "content_type": 8, "object_id": "10", "object_repr": "10", "action_flag": 2, "change_message": "[{\"changed\": {\"fields\": [\"Description\", \"Mission statement\"]}}]"}}, {"model": "admin.logentry", "pk": 120, "fields": {"action_time": "2023-12-06T22:07:13.942Z", "user": 18, "content_type": 7, "object_id": "1", "object_repr": "1", "action_flag": 2, "change_message": "[{\"changed\": {\"fields\": [\"Description\"]}}]"}}, {"model": "admin.logentry", "pk": 121, "fields": {"action_time": "2023-12-06T22:07:31.825Z", "user": 18, "content_type": 7, "object_id": "2", "object_repr": "2", "action_flag": 2, "change_message": "[{\"changed\": {\"fields\": [\"Description\"]}}]"}}, {"model": "admin.logentry", "pk": 122, "fields": {"action_time": "2023-12-06T22:07:43.480Z", "user": 18, "content_type": 7, "object_id": "1", "object_repr": "1", "action_flag": 2, "change_message": "[]"}}, {"model": "admin.logentry", "pk": 123, "fields": {"action_time": "2023-12-06T22:07:50.113Z", "user": 18, "content_type": 7, "object_id": "2", "object_repr": "2", "action_flag": 2, "change_message": "[]"}}, {"model": "admin.logentry", "pk": 124, "fields": {"action_time": "2023-12-06T22:08:13.128Z", "user": 18, "content_type": 7, "object_id": "2", "object_repr": "2", "action_flag": 2, "change_message": "[{\"changed\": {\"fields\": [\"Website\"]}}]"}}, {"model": "admin.logentry", "pk": 125, "fields": {"action_time": "2023-12-06T22:08:20.674Z", "user": 18, "content_type": 7, "object_id": "1", "object_repr": "1", "action_flag": 2, "change_message": "[{\"changed\": {\"fields\": [\"Website\"]}}]"}}, {"model": "admin.logentry", "pk": 126, "fields": {"action_time": "2023-12-06T22:08:35.388Z", "user": 18, "content_type": 7, "object_id": "1", "object_repr": "1", "action_flag": 2, "change_message": "[{\"changed\": {\"fields\": [\"Website\"]}}]"}}, {"model": "admin.logentry", "pk": 127, "fields": {"action_time": "2023-12-06T22:12:41.377Z", "user": 18, "content_type": 11, "object_id": "12", "object_repr": "Alvin:12", "action_flag": 2, "change_message": "[{\"changed\": {\"fields\": [\"Name\", \"Owner\", \"Age\", \"Adoption location\", \"Medical history\", \"Notes\", \"Picture 1\", \"Picture 2\", \"Picture 3\"]}}]"}}, {"model": "admin.logentry", "pk": 128, "fields": {"action_time": "2023-12-06T22:14:38.466Z", "user": 18, "content_type": 11, "object_id": "12", "object_repr": "Alvin:12", "action_flag": 2, "change_message": "[{\"changed\": {\"fields\": [\"Medical history\"]}}]"}}, {"model": "admin.logentry", "pk": 129, "fields": {"action_time": "2023-12-06T22:18:43.786Z", "user": 18, "content_type": 11, "object_id": "9", "object_repr": "Charlie's pet:9", "action_flag": 2, "change_message": "[{\"changed\": {\"fields\": [\"Owner\", \"Color\", \"Adoption location\", \"Medical history\", \"Notes\"]}}]"}}, {"model": "admin.logentry", "pk": 130, "fields": {"action_time": "2023-12-06T22:19:47.592Z", "user": 18, "content_type": 11, "object_id": "9", "object_repr": "Charlie's pet:9", "action_flag": 2, "change_message": "[{\"changed\": {\"fields\": [\"Picture 2\", \"Picture 3\"]}}]"}}, {"model": "admin.logentry", "pk": 131, "fields": {"action_time": "2023-12-06T22:21:11.906Z", "user": 18, "content_type": 11, "object_id": "9", "object_repr": "Charlie:9", "action_flag": 2, "change_message": "[{\"changed\": {\"fields\": [\"Name\"]}}]"}}, {"model": "admin.logentry", "pk": 132, "fields": {"action_time": "2023-12-06T22:22:02.523Z", "user": 18, "content_type": 11, "object_id": "10", "object_repr": "Kevin:10", "action_flag": 2, "change_message": "[{\"changed\": {\"fields\": [\"Name\", \"Owner\", \"Adoption location\", \"Medical history\", \"Notes\", \"Picture 2\", \"Picture 3\"]}}]"}}, {"model": "admin.logentry", "pk": 133, "fields": {"action_time": "2023-12-06T22:22:19.822Z", "user": 18, "content_type": 11, "object_id": "9", "object_repr": "Cathy:9", "action_flag": 2, "change_message": "[{\"changed\": {\"fields\": [\"Name\"]}}]"}}, {"model": "admin.logentry", "pk": 134, "fields": {"action_time": "2023-12-06T22:22:32.051Z", "user": 18, "content_type": 11, "object_id": "10", "object_repr": "Kelly:10", "action_flag": 2, "change_message": "[{\"changed\": {\"fields\": [\"Name\"]}}]"}}, {"model": "admin.logentry", "pk": 135, "fields": {"action_time": "2023-12-06T22:24:20.334Z", "user": 18, "content_type": 11, "object_id": "7", "object_repr": "Kevin:7", "action_flag": 2, "change_message": "[{\"changed\": {\"fields\": [\"Name\", \"Pet type\", \"Breed\", \"Color\", \"Adoption location\", \"Medical history\", \"Notes\", \"Picture 1\", \"Picture 2\", \"Picture 3\"]}}]"}}, {"model": "admin.logentry", "pk": 136, "fields": {"action_time": "2023-12-06T22:26:00.943Z", "user": 18, "content_type": 11, "object_id": "11", "object_repr": "Genius:11", "action_flag": 2, "change_message": "[{\"changed\": {\"fields\": [\"Name\", \"Pet type\", \"Breed\", \"Color\", \"Adoption location\", \"Medical history\", \"Picture 1\", \"Picture 2\", \"Picture 3\"]}}]"}}, {"model": "admin.logentry", "pk": 137, "fields": {"action_time": "2023-12-06T22:28:21.981Z", "user": 18, "content_type": 11, "object_id": "8", "object_repr": "Gary:8", "action_flag": 2, "change_message": "[{\"changed\": {\"fields\": [\"Name\", \"Owner\", \"Status\", \"Pet type\", \"Breed\", \"Color\", \"Weight\", \"Adoption location\", \"Medical history\", \"Notes\", \"Picture 1\", \"Picture 2\", \"Picture 3\"]}}]"}}, {"model": "admin.logentry", "pk": 138, "fields": {"action_time": "2023-12-06T22:34:30.852Z", "user": 18, "content_type": 11, "object_id": "5", "object_repr": "Pikachu:5", "action_flag": 2, "change_message": "[{\"changed\": {\"fields\": [\"Owner\", \"Status\", \"Sex\", \"Pet type\", \"Breed\", \"Color\", \"Adoption location\", \"Medical history\", \"Notes\", \"Picture 1\", \"Picture 2\", \"Picture 3\"]}}]"}}, {"model": "admin.logentry", "pk": 139, "fields": {"action_time": "2023-12-06T22:36:33.977Z", "user": 18, "content_type": 11, "object_id": "13", "object_repr": "Jessica:13", "action_flag": 1, "change_message": "[{\"added\": {}}]"}}, {"model": "admin.logentry", "pk": 140, "fields": {"action_time": "2023-12-06T22:41:25.523Z", "user": 18, "content_type": 11, "object_id": "14", "object_repr": "Josephine:14", "action_flag": 1, "change_message": "[{\"added\": {}}]"}}, {"model": "admin.logentry", "pk": 141, "fields": {"action_time": "2023-12-06T22:42:18.158Z", "user": 18, "content_type": 11, "object_id": "10", "object_repr": "Kelly:10", "action_flag": 2, "change_message": "[{\"changed\": {\"fields\": [\"Breed\"]}}]"}}, {"model": "admin.logentry", "pk": 142, "fields": {"action_time": "2023-12-06T22:43:57.116Z", "user": 18, "content_type": 11, "object_id": "15", "object_repr": "Kevin:15", "action_flag": 1, "change_message": "[{\"added\": {}}]"}}, {"model": "auth.permission", "pk": 1, "fields": {"name": "Can add log entry", "content_type": 1, "codename": "add_logentry"}}, {"model": "auth.permission", "pk": 2, "fields": {"name": "Can change log entry", "content_type": 1, "codename": "change_logentry"}}, {"model": "auth.permission", "pk": 3, "fields": {"name": "Can delete log entry", "content_type": 1, "codename": "delete_logentry"}}, {"model": "auth.permission", "pk": 4, "fields": {"name": "Can view log entry", "content_type": 1, "codename": "view_logentry"}}, {"model": "auth.permission", "pk": 5, "fields": {"name": "Can add permission", "content_type": 2, "codename": "add_permission"}}, {"model": "auth.permission", "pk": 6, "fields": {"name": "Can change permission", "content_type": 2, "codename": "change_permission"}}, {"model": "auth.permission", "pk": 7, "fields": {"name": "Can delete permission", "content_type": 2, "codename": "delete_permission"}}, {"model": "auth.permission", "pk": 8, "fields": {"name": "Can view permission", "content_type": 2, "codename": "view_permission"}}, {"model": "auth.permission", "pk": 9, "fields": {"name": "Can add group", "content_type": 3, "codename": "add_group"}}, {"model": "auth.permission", "pk": 10, "fields": {"name": "Can change group", "content_type": 3, "codename": "change_group"}}, {"model": "auth.permission", "pk": 11, "fields": {"name": "Can delete group", "content_type": 3, "codename": "delete_group"}}, {"model": "auth.permission", "pk": 12, "fields": {"name": "Can view group", "content_type": 3, "codename": "view_group"}}, {"model": "auth.permission", "pk": 13, "fields": {"name": "Can add content type", "content_type": 4, "codename": "add_contenttype"}}, {"model": "auth.permission", "pk": 14, "fields": {"name": "Can change content type", "content_type": 4, "codename": "change_contenttype"}}, {"model": "auth.permission", "pk": 15, "fields": {"name": "Can delete content type", "content_type": 4, "codename": "delete_contenttype"}}, {"model": "auth.permission", "pk": 16, "fields": {"name": "Can view content type", "content_type": 4, "codename": "view_contenttype"}}, {"model": "auth.permission", "pk": 17, "fields": {"name": "Can add session", "content_type": 5, "codename": "add_session"}}, {"model": "auth.permission", "pk": 18, "fields": {"name": "Can change session", "content_type": 5, "codename": "change_session"}}, {"model": "auth.permission", "pk": 19, "fields": {"name": "Can delete session", "content_type": 5, "codename": "delete_session"}}, {"model": "auth.permission", "pk": 20, "fields": {"name": "Can view session", "content_type": 5, "codename": "view_session"}}, {"model": "auth.permission", "pk": 21, "fields": {"name": "Can add user", "content_type": 6, "codename": "add_user"}}, {"model": "auth.permission", "pk": 22, "fields": {"name": "Can change user", "content_type": 6, "codename": "change_user"}}, {"model": "auth.permission", "pk": 23, "fields": {"name": "Can delete user", "content_type": 6, "codename": "delete_user"}}, {"model": "auth.permission", "pk": 24, "fields": {"name": "Can view user", "content_type": 6, "codename": "view_user"}}, {"model": "auth.permission", "pk": 25, "fields": {"name": "Can add user", "content_type": 7, "codename": "add_petseeker"}}, {"model": "auth.permission", "pk": 26, "fields": {"name": "Can change user", "content_type": 7, "codename": "change_petseeker"}}, {"model": "auth.permission", "pk": 27, "fields": {"name": "Can delete user", "content_type": 7, "codename": "delete_petseeker"}}, {"model": "auth.permission", "pk": 28, "fields": {"name": "Can view user", "content_type": 7, "codename": "view_petseeker"}}, {"model": "auth.permission", "pk": 29, "fields": {"name": "Can add user", "content_type": 8, "codename": "add_petshelter"}}, {"model": "auth.permission", "pk": 30, "fields": {"name": "Can change user", "content_type": 8, "codename": "change_petshelter"}}, {"model": "auth.permission", "pk": 31, "fields": {"name": "Can delete user", "content_type": 8, "codename": "delete_petshelter"}}, {"model": "auth.permission", "pk": 32, "fields": {"name": "Can view user", "content_type": 8, "codename": "view_petshelter"}}, {"model": "auth.permission", "pk": 33, "fields": {"name": "Can add breed", "content_type": 9, "codename": "add_breed"}}, {"model": "auth.permission", "pk": 34, "fields": {"name": "Can change breed", "content_type": 9, "codename": "change_breed"}}, {"model": "auth.permission", "pk": 35, "fields": {"name": "Can delete breed", "content_type": 9, "codename": "delete_breed"}}, {"model": "auth.permission", "pk": 36, "fields": {"name": "Can view breed", "content_type": 9, "codename": "view_breed"}}, {"model": "auth.permission", "pk": 37, "fields": {"name": "Can add pet type", "content_type": 10, "codename": "add_pettype"}}, {"model": "auth.permission", "pk": 38, "fields": {"name": "Can change pet type", "content_type": 10, "codename": "change_pettype"}}, {"model": "auth.permission", "pk": 39, "fields": {"name": "Can delete pet type", "content_type": 10, "codename": "delete_pettype"}}, {"model": "auth.permission", "pk": 40, "fields": {"name": "Can view pet type", "content_type": 10, "codename": "view_pettype"}}, {"model": "auth.permission", "pk": 41, "fields": {"name": "Can add pet", "content_type": 11, "codename": "add_pet"}}, {"model": "auth.permission", "pk": 42, "fields": {"name": "Can change pet", "content_type": 11, "codename": "change_pet"}}, {"model": "auth.permission", "pk": 43, "fields": {"name": "Can delete pet", "content_type": 11, "codename": "delete_pet"}}, {"model": "auth.permission", "pk": 44, "fields": {"name": "Can view pet", "content_type": 11, "codename": "view_pet"}}, {"model": "auth.permission", "pk": 45, "fields": {"name": "Can add rating", "content_type": 12, "codename": "add_rating"}}, {"model": "auth.permission", "pk": 46, "fields": {"name": "Can change rating", "content_type": 12, "codename": "change_rating"}}, {"model": "auth.permission", "pk": 47, "fields": {"name": "Can delete rating", "content_type": 12, "codename": "delete_rating"}}, {"model": "auth.permission", "pk": 48, "fields": {"name": "Can view rating", "content_type": 12, "codename": "view_rating"}}, {"model": "auth.permission", "pk": 49, "fields": {"name": "Can add comment", "content_type": 13, "codename": "add_comment"}}, {"model": "auth.permission", "pk": 50, "fields": {"name": "Can change comment", "content_type": 13, "codename": "change_comment"}}, {"model": "auth.permission", "pk": 51, "fields": {"name": "Can delete comment", "content_type": 13, "codename": "delete_comment"}}, {"model": "auth.permission", "pk": 52, "fields": {"name": "Can view comment", "content_type": 13, "codename": "view_comment"}}, {"model": "auth.permission", "pk": 53, "fields": {"name": "Can add notification", "content_type": 14, "codename": "add_notification"}}, {"model": "auth.permission", "pk": 54, "fields": {"name": "Can change notification", "content_type": 14, "codename": "change_notification"}}, {"model": "auth.permission", "pk": 55, "fields": {"name": "Can delete notification", "content_type": 14, "codename": "delete_notification"}}, {"model": "auth.permission", "pk": 56, "fields": {"name": "Can view notification", "content_type": 14, "codename": "view_notification"}}, {"model": "auth.permission", "pk": 57, "fields": {"name": "Can add application", "content_type": 15, "codename": "add_application"}}, {"model": "auth.permission", "pk": 58, "fields": {"name": "Can change application", "content_type": 15, "codename": "change_application"}}, {"model": "auth.permission", "pk": 59, "fields": {"name": "Can delete application", "content_type": 15, "codename": "delete_application"}}, {"model": "auth.permission", "pk": 60, "fields": {"name": "Can view application", "content_type": 15, "codename": "view_application"}}, {"model": "auth.permission", "pk": 61, "fields": {"name": "Can add blog", "content_type": 16, "codename": "add_blog"}}, {"model": "auth.permission", "pk": 62, "fields": {"name": "Can change blog", "content_type": 16, "codename": "change_blog"}}, {"model": "auth.permission", "pk": 63, "fields": {"name": "Can delete blog", "content_type": 16, "codename": "delete_blog"}}, {"model": "auth.permission", "pk": 64, "fields": {"name": "Can view blog", "content_type": 16, "codename": "view_blog"}}, {"model": "sessions.session", "pk": "b4vbdtodvrnmsekef6hkxszfnkpzsog0", "fields": {"session_data": ".eJxVjEEOwiAQRe_C2pAOMAVcuvcMhIFBqoYmpV0Z765NutDtf-_9lwhxW2vYOi9hyuIsAMXpd6SYHtx2ku-x3WaZ5rYuE8ldkQft8jpnfl4O9--gxl6_tedivQVIpJUzgEhcdCavtRtZEwzKJDAFtUIAY1TGSFSy85b9aGkQ7w_yjTd6:1r5a9v:cse24Lyb6NLclOIaOcdBalPgOfVLel8odHZq-ld_fmU", "expire_date": "2023-12-05T23:27:59.020Z"}}, {"model": "sessions.session", "pk": "jf8fczarwis6wzv4zjv8biik3evxpi9r", "fields": {"session_data": ".eJxVjEEOwiAQRe_C2hAohUGX7j0DGYZBqgaS0q6Md7dNutDtf-_9twi4LiWsnecwJXER2onT7xiRnlx3kh5Y701Sq8s8Rbkr8qBd3lri1_Vw_w4K9rLV6JXx2QBj9i5qSpAR46hhyHFQaMhito7AbgwUMp05OkNmBLaoGcTnCy7iORk:1r5fM4:Fil-VKTlAHlMVEtlni3OKxKHL6PEzblE8V7FHAnsmdc", "expire_date": "2023-12-06T05:00:52.078Z"}}, {"model": "sessions.session", "pk": "pfzzjkd3c3vqc5c327iuzog9a3gsana6", "fields": {"session_data": ".eJxVjEEOwiAQRe_C2hAohUGX7j0DGYZBqgaS0q6Md7dNutDtf-_9twi4LiWsnecwJXER2onT7xiRnlx3kh5Y701Sq8s8Rbkr8qBd3lri1_Vw_w4K9rLV6JXx2QBj9i5qSpAR46hhyHFQaMhito7AbgwUMp05OkNmBLaoGcTnCy7iORk:1r8wIF:J7dDA255-J4cUNTGUq_U_V8MAdNRhlirXU5VcF2g_Mw", "expire_date": "2023-12-15T05:42:27.162Z"}}, {"model": "sessions.session", "pk": "quex4k80hm237p7qv6v8ubajbrws7xrr", "fields": {"session_data": ".eJxVjEEOwiAQRe_C2hAohUGX7j0DGYZBqgaS0q6Md7dNutDtf-_9twi4LiWsnecwJXER2onT7xiRnlx3kh5Y701Sq8s8Rbkr8qBd3lri1_Vw_w4K9rLV6JXx2QBj9i5qSpAR46hhyHFQaMhito7AbgwUMp05OkNmBLaoGcTnCy7iORk:1r8xmN:3abYHe9GqQevI0XUXySwEpRPkBMhVwhhNkAsrNEGCT0", "expire_date": "2023-12-15T07:17:39.392Z"}}, {"model": "sessions.session", "pk": "ryby14947hoxd3er72gq5obmnuc32sfi", "fields": {"session_data": ".eJxVjDsOwjAQBe_iGln-bbympOcM1vqHA8iW4qRC3B0ipYD2zcx7MU_bWv028uLnxM5MIjv9joHiI7edpDu1W-ext3WZA98VftDBrz3l5-Vw_w4qjfqts7GUhBGZrNPaSk0xIAhJAlAVCRb0lJxTkF0BRcoEU6yypBAmxATs_QHrSDb0:1r89AU:f7p_edi9RK9heEvV7TOV6K_4zNbBSOdF8uWztkrgEzk", "expire_date": "2023-12-13T01:15:10.721Z"}}, {"model": "sessions.session", "pk": "wtls8nsmdxlqfmkxp12b33xwzo66x98k", "fields": {"session_data": ".eJxVjDsOwjAQBe_iGlla_9hQ0nMGa9de4wBypDipIu4OkVJA-2bmbSrSutS4dpnjmNVFAarT78iUntJ2kh_U7pNOU1vmkfWu6IN2fZuyvK6H-3dQqddvfTaFnSuZDLLl4IBZvBB4cBY9eEkkMuAAJWSLxqBhW4JPHkJwGZN6fwAWeDgP:1rAny4:L6la6Lth13PpOH-4cfsc-vJ-J0P2YuNScuRbWTJs4b8", "expire_date": "2023-12-20T09:13:20.262Z"}}, {"model": "sessions.session", "pk": "zch290ls9zcvy8g743sioz78ybk6w8hu", "fields": {"session_data": ".eJxVjLEOwyAQQ_-FuUKQAAkdu-cb0HF3KWkrkEIyVf33EilDO9myn_0WAfYthb3yGhYSV6GduPyGEfDJ-WjoAfleJJa8rUuUByLPtsqpEL9uJ_t3kKCmtu6NITbQDeBnROQmIzmtrO87Hy1aSwxoHJHWQ9_A2HwcwbEyMDslPl8m4zi_:1rAoHl:73rxHfaOEbgKdjtB4rUCBpIfpf-lbCcXjzw4VKRAZmA", "expire_date": "2023-12-20T09:33:41.680Z"}}, {"model": "accounts.user", "pk": 1, "fields": {"password": "pbkdf2_sha256$600000$E6TA4wpHgZwb5FEg7ReHSf$TBmqWLi7KepyPXw/yjWpSLBvsGWseLw9eP/SfrpHJIE=", "last_login": null, "is_superuser": false, "username": "KS", "first_name": "h", "last_name": "h", "is_staff": false, "is_active": true, "date_joined": "2023-11-21T21:31:21Z", "email": "KS@gmail.com", "phone_number": "6664567890", "address": "University 123st", "description": "As a PetSeeker user, I am someone deeply invested in the well-being of animals, looking to provide a forever home to a new family member. My profile on PetSeeker reflects my lifestyle and living environment, ensuring I find a pet that's a perfect fit for my life. Whether I'm an avid hiker searching for a dog to join me on trails, a family looking for a playful kitten, or a retiree wanting a serene companion, I value the deep connection between humans and animals.", "website": "https://www.adsfadsf.com", "banner": "", "profile_picture": "profile_pictures/Screenshot_2023-12-06_at_4.30.58_PM_6aIvDtJ.png", "created_at": "2023-12-01T01:11:11.936Z", "groups": [], "user_permissions": []}}, {"model": "accounts.user", "pk": 2, "fields": {"password": "pbkdf2_sha256$600000$61aHgwatKDZIL1REpb1yBH$HH/UmDO2iIolo4DStVOEhYiLgIh7z+tIoXBwj7yOlj8=", "last_login": null, "is_superuser": false, "username": "KD", "first_name": "h", "last_name": "h", "is_staff": false, "is_active": true, "date_joined": "2023-11-21T21:31:41Z", "email": "kaiseeker@gmail.com", "phone_number": "6544567890", "address": "Crazy 123st", "description": "I am aware of the responsibilities that come with pet ownership and am actively educating myself about the needs of my future pet. I utilize PetSeeker's care guides and health advice, showing my commitment to being well-prepared for the arrival of my new companion. I am not just seeking a pet; I am looking to adopt a new family member who will share in my day-to-day life, enriching it with their presence.", "website": "https://www.adsfadsf.com", "banner": "", "profile_picture": "profile_pictures/Screenshot_2023-12-06_at_4.30.47_PM.png", "created_at": "2023-12-01T01:11:11.936Z", "groups": [], "user_permissions": []}}, {"model": "accounts.user", "pk": 3, "fields": {"password": "pbkdf2_sha256$600000$wubZIvFtz09jZ9QRiALzWO$gQxewLPgBD+EzwzG0oe757Zet9Aje6Zob2nEPVvgTVU=", "last_login": null, "is_superuser": false, "username": "seeker3new", "first_name": "h", "last_name": "h", "is_staff": false, "is_active": true, "date_joined": "2023-11-21T21:32:02.955Z", "email": "seeker3@gmail.com", "phone_number": "1234567890", "address": "123st", "description": "random description", "website": null, "banner": "", "profile_picture": "", "created_at": "2023-12-01T01:11:11.936Z", "groups": [], "user_permissions": []}}, {"model": "accounts.user", "pk": 4, "fields": {"password": "pbkdf2_sha256$600000$YJVP7LAWAFBhuiPfRIFfbB$A97CCuOMzw/Td9qErGx7v/kBeA5tJSSB2XGUmJKpSBs=", "last_login": null, "is_superuser": false, "username": "seeker4", "first_name": "h", "last_name": "h", "is_staff": false, "is_active": true, "date_joined": "2023-11-21T21:32:16.443Z", "email": "seeker4@gmail.com", "phone_number": "1234567890", "address": "123st", "description": "d4", "website": null, "banner": "", "profile_picture": "", "created_at": "2023-12-01T01:11:11.936Z", "groups": [], "user_permissions": []}}, {"model": "accounts.user", "pk": 5, "fields": {"password": "pbkdf2_sha256$600000$OtUf7qVaWNXGqmdPfWPuAA$RaIfTGiaHB62WU6dSRo4fV6b/CFe52ObZDC3/Rlm1xY=", "last_login": null, "is_superuser": false, "username": "seeker5", "first_name": "h", "last_name": "h", "is_staff": false, "is_active": true, "date_joined": "2023-11-21T21:32:35.036Z", "email": "seeker5@gmail.com", "phone_number": "1234567890", "address": "123st", "description": "d5", "website": null, "banner": "", "profile_picture": "", "created_at": "2023-12-01T01:11:11.936Z", "groups": [], "user_permissions": []}}, {"model": "accounts.user", "pk": 6, "fields": {"password": "pbkdf2_sha256$600000$10WDlAK3YTlkJchdfmEh3t$sqy37PSFqy/w2ijcsfNzm19X11epd8CYUf9x/OZvAQ4=", "last_login": null, "is_superuser": false, "username": "seeker6", "first_name": "h", "last_name": "h", "is_staff": false, "is_active": true, "date_joined": "2023-11-21T21:32:47.832Z", "email": "seeker6@gmail.com", "phone_number": "1234567890", "address": "123st", "description": "d6", "website": null, "banner": "", "profile_picture": "", "created_at": "2023-12-01T01:11:11.936Z", "groups": [], "user_permissions": []}}, {"model": "accounts.user", "pk": 7, "fields": {"password": "pbkdf2_sha256$600000$dHQADK812WuOmijgldrEyH$ZAM5xaUBTknZXWaNLajqqewjFtbcZAj9uEY0/wY2YqE=", "last_login": null, "is_superuser": false, "username": "seeker7", "first_name": "h", "last_name": "h", "is_staff": false, "is_active": true, "date_joined": "2023-11-21T21:33:02.392Z", "email": "seeker7@gmail.com", "phone_number": "1234567890", "address": "123st", "description": "d7", "website": null, "banner": "", "profile_picture": "", "created_at": "2023-12-01T01:11:11.936Z", "groups": [], "user_permissions": []}}, {"model": "accounts.user", "pk": 8, "fields": {"password": "pbkdf2_sha256$600000$0uFZZxzFb9LJro8ktzwBCV$VYvpEoKMfB7cimEQCXcm2REwzmU/jFn8T9vSuJzB+W0=", "last_login": null, "is_superuser": false, "username": "shelter1", "first_name": "h", "last_name": "h", "is_staff": false, "is_active": true, "date_joined": "2023-11-21T21:34:09.140Z", "email": "shelter1@gmail.com", "phone_number": "1234567890", "address": "123st", "description": "d1", "website": null, "banner": "", "profile_picture": "profile_pictures/cat.jpg", "created_at": "2023-12-03T05:44:16.073Z", "groups": [], "user_permissions": []}}, {"model": "accounts.user", "pk": 9, "fields": {"password": "pbkdf2_sha256$600000$YJEAjp8WpwvEXi6ISGPvAe$KsYfZG9zoQ1YUltWLX90XnKbKPNE0mT9Pc+/w4/Qet8=", "last_login": null, "is_superuser": false, "username": "shelter2", "first_name": "h", "last_name": "h", "is_staff": false, "is_active": true, "date_joined": "2023-11-21T21:34:24.218Z", "email": "shelter2@gmail.com", "phone_number": "1234567890", "address": "123st", "description": "d2", "website": null, "banner": "", "profile_picture": "", "created_at": "2023-12-03T05:44:16.073Z", "groups": [], "user_permissions": []}}, {"model": "accounts.user", "pk": 10, "fields": {"password": "pbkdf2_sha256$600000$Et2C2LD2hIGksEOMqnoQvh$JygcwzS5fXsm66JLq9gNAmsNadZkcM1C6THnpgXH+I8=", "last_login": null, "is_superuser": false, "username": "KareemHome", "first_name": "", "last_name": "", "is_staff": false, "is_active": true, "date_joined": "2023-11-21T21:34:43Z", "email": "kareemhome@gmail.com", "phone_number": "6647838383", "address": "George 732st", "description": "Kareem Home also partners with local schools to foster compassion and awareness among the younger generation through interactive learning programs. They believe that teaching kindness towards animals is a step towards a more humane future.", "website": null, "banner": "", "profile_picture": "profile_pictures/Screenshot_2023-12-06_at_4.48.23_PM.png", "created_at": "2023-12-01T01:11:11.936Z", "groups": [], "user_permissions": []}}, {"model": "accounts.user", "pk": 11, "fields": {"password": "pbkdf2_sha256$600000$QJEpyWzeBOeGEMVzAjjchC$xeoCGzpxhGX322S3VliWPn699sC1L4Rp4rfs2/7fcSs=", "last_login": null, "is_superuser": false, "username": "KaiHome", "first_name": "h", "last_name": "h", "is_staff": false, "is_active": true, "date_joined": "2023-11-21T21:35:07Z", "email": "kaishelter@gmail.com", "phone_number": "6474567890", "address": "Spadina 123", "description": "Nestled in the heart of a friendly community, the \"KaiShelter\" stands as a beacon of hope for furry friends in need. This charming pet shelter, with its bright, welcoming facade and gardens filled with the playful buzz of rescued residents, is more than just a temporary home for pets; it's a rehabilitation and joy center for abandoned and stray animals.", "website": null, "banner": "", "profile_picture": "profile_pictures/Screenshot_2023-12-06_at_4.48.12_PM.png", "created_at": "2023-12-01T01:11:11.936Z", "groups": [], "user_permissions": []}}, {"model": "accounts.user", "pk": 12, "fields": {"password": "pbkdf2_sha256$600000$jpCfD0otjjTFi7z8m1CAPV$ryfBClrwYfrLnC6iO0rzaInkH3jI5L9KhM6MHdY8rZc=", "last_login": null, "is_superuser": false, "username": "CharlieHome", "first_name": "h", "last_name": "h", "is_staff": false, "is_active": true, "date_joined": "2023-11-21T21:35:21Z", "email": "charliehome@gmail.com", "phone_number": "7774567890", "address": "Fancy 123st", "description": "d5", "website": null, "banner": "", "profile_picture": "profile_pictures/bg_DeqFNTi.jpg", "created_at": "2023-12-01T01:11:11.936Z", "groups": [], "user_permissions": []}}, {"model": "accounts.user", "pk": 13, "fields": {"password": "pbkdf2_sha256$600000$f7oZyjo8EZuyhIlxlovhrO$97xPzAyf++Fe+d1TZP8t5pWPG1DGJu5GmMLQUnnaWXs=", "last_login": null, "is_superuser": false, "username": "shelter6", "first_name": "h", "last_name": "h", "is_staff": false, "is_active": true, "date_joined": "2023-11-21T21:35:38.284Z", "email": "shelter6@gmail.com", "phone_number": "1234567890", "address": "123st", "description": "d6", "website": null, "banner": "", "profile_picture": "", "created_at": "2023-12-01T01:11:11.936Z", "groups": [], "user_permissions": []}}, {"model": "accounts.user", "pk": 14, "fields": {"password": "pbkdf2_sha256$600000$NQmK7w2TaFHJgEjZ7aRhTX$dDmek7ZXQ5bmh5SwoHyHnRsphU1RHjFBN4h+mhs+hNA=", "last_login": null, "is_superuser": false, "username": "shelter7", "first_name": "h", "last_name": "h", "is_staff": false, "is_active": true, "date_joined": "2023-11-21T21:35:55.411Z", "email": "shelter7@gmail.com", "phone_number": "1234567890", "address": "123st", "description": "d7", "website": null, "banner": "", "profile_picture": "", "created_at": "2023-12-01T01:11:11.936Z", "groups": [], "user_permissions": []}}, {"model": "accounts.user", "pk": 15, "fields": {"password": "pbkdf2_sha256$600000$I4F5CIeCr5bua8263TpBFt$BAcdWonxGKmYZyiz/oBlRH732lC3CucDYjioZ+20MyE=", "last_login": "2023-11-21T23:27:59.019Z", "is_superuser": true, "username": "charlie", "first_name": "", "last_name": "", "is_staff": true, "is_active": true, "date_joined": "2023-11-21T23:27:55.536Z", "email": "charlietaoxl@gmail.com", "phone_number": null, "address": null, "description": null, "website": null, "banner": "", "profile_picture": "", "created_at": "2023-12-01T01:11:11.936Z", "groups": [], "user_permissions": []}}, {"model": "accounts.user", "pk": 16, "fields": {"password": "pbkdf2_sha256$600000$0gqWKbaU7ZXwRgk2ak6MCG$Y35qq9ab5JzOs1M4qBddbjJudWxM3Yq4BGaAhd/1UWM=", "last_login": "2023-11-22T05:00:52.074Z", "is_superuser": true, "username": "test", "first_name": "", "last_name": "", "is_staff": true, "is_active": true, "date_joined": "2023-11-22T05:00:28.359Z", "email": "test@test.com", "phone_number": null, "address": null, "description": null, "website": null, "banner": "", "profile_picture": "", "created_at": "2023-12-01T01:11:11.936Z", "groups": [], "user_permissions": []}}, {"model": "accounts.user", "pk": 17, "fields": {"password": "pbkdf2_sha256$600000$OSnk6s3AJl8vvkQXHEZGC3$nBqglQ++oP8qZRGZuKwIpZ+AwF7Kq80l7nol2+ULKCM=", "last_login": null, "is_superuser": false, "username": "hans", "first_name": "", "last_name": "", "is_staff": false, "is_active": true, "date_joined": "2023-11-29T01:11:55.535Z", "email": "3@gmai.com", "phone_number": "", "address": "", "description": null, "website": null, "banner": "", "profile_picture": "", "created_at": "2023-12-01T01:11:11.936Z", "groups": [], "user_permissions": []}}, {"model": "accounts.user", "pk": 18, "fields": {"password": "pbkdf2_sha256$600000$1OOmFBBaftcOmEoFoZCkZA$wu05Ir7G39s532yAARVF2oQ5nv8ZtenYt2SyJiITow4=", "last_login": "2023-12-06T09:13:20.261Z", "is_superuser": true, "username": "hanshhh", "first_name": "", "last_name": "", "is_staff": true, "is_active": true, "date_joined": "2023-11-29T01:14:51.996Z", "email": "hans@gmail.comhhh", "phone_number": null, "address": null, "description": null, "website": null, "banner": "", "profile_picture": "", "created_at": "2023-12-01T01:11:11.936Z", "groups": [], "user_permissions": []}}, {"model": "accounts.user", "pk": 19, "fields": {"password": "pbkdf2_sha256$600000$ZL8jH2TTxOZ4WBdG8JJbIr$oWBzsjC75lz40U7AOkuhro55tbhEKI8CokpeN9RyBf4=", "last_login": null, "is_superuser": false, "username": "ThePetHome", "first_name": "", "last_name": "", "is_staff": false, "is_active": true, "date_joined": "2023-11-30T00:23:39Z", "email": "23@g.com22", "phone_number": null, "address": null, "description": "", "website": null, "banner": "", "profile_picture": "profile_pictures/user-2.png", "created_at": "2023-12-01T01:11:11.936Z", "groups": [], "user_permissions": []}}, {"model": "accounts.user", "pk": 20, "fields": {"password": "pbkdf2_sha256$600000$0UhDnvRi2DCZdHFwyAOBJH$MbErhcMS6mEeriDzK3BowK0z/T00pwfKKcZOD6Ezul8=", "last_login": null, "is_superuser": false, "username": "hans1", "first_name": "", "last_name": "", "is_staff": false, "is_active": true, "date_joined": "2023-11-30T03:41:18.603Z", "email": "23@fdsfg.com", "phone_number": "", "address": "", "description": null, "website": null, "banner": "", "profile_picture": "", "created_at": "2023-12-01T01:11:11.936Z", "groups": [], "user_permissions": []}}, {"model": "accounts.user", "pk": 21, "fields": {"password": "pbkdf2_sha256$600000$gVmnwiyIt522TDHsrfmdKS$dcu8IxesNNTEec5eU2fjLWwvSk8u8e/P41fxXBOLvyY=", "last_login": null, "is_superuser": false, "username": "PetFamilyInc", "first_name": "", "last_name": "", "is_staff": false, "is_active": true, "date_joined": "2023-11-30T03:55:07Z", "email": "23@g.com222", "phone_number": null, "address": null, "description": "", "website": null, "banner": "", "profile_picture": "profile_pictures/Screenshot_2023-11-30_at_1.03.00_AM.png", "created_at": "2023-12-01T01:11:11.936Z", "groups": [], "user_permissions": []}}, {"model": "accounts.user", "pk": 22, "fields": {"password": "pbkdf2_sha256$600000$uR9knB217sdCmhPIcDWGo8$ZY3goWotxOXau3VyFmsFX7OYYg3v1OiHnhb9iOmiglU=", "last_login": null, "is_superuser": false, "username": "CR7", "first_name": "", "last_name": "", "is_staff": false, "is_active": true, "date_joined": "2023-11-30T19:16:35Z", "email": "hanszhan0808@gmail.comdfdfs", "phone_number": "1234567890", "address": "adsfasd", "description": "fdsfsdf", "website": null, "banner": "", "profile_picture": "profile_pictures/Screenshot_2023-11-30_at_2.15.56_PM.png", "created_at": "2023-12-01T01:11:11.936Z", "groups": [], "user_permissions": []}}, {"model": "accounts.user", "pk": 23, "fields": {"password": "pbkdf2_sha256$600000$Ewhisev6hBGusDgSL6AOdb$dIJlk34FeNSMhBJNLdDHd58NcDOPr/s3viEhsAzv8BQ=", "last_login": null, "is_superuser": false, "username": "AlbertaZoo", "first_name": "", "last_name": "", "is_staff": false, "is_active": true, "date_joined": "2023-11-30T19:19:14Z", "email": "hanszhan0dfsdf808@gmail.comdfdfs", "phone_number": "1234567890", "address": "adsfasd", "description": "fdsfsdf", "website": null, "banner": "", "profile_picture": "profile_pictures/Screenshot_2023-12-06_at_4.30.26_PM.png", "created_at": "2023-12-01T01:11:11.936Z", "groups": [], "user_permissions": []}}, {"model": "accounts.user", "pk": 24, "fields": {"password": "pbkdf2_sha256$600000$ideohOvV3RpEx4JaOVpqWo$uuhOHt/Ky5gINyZ3ymz3S7O4RNOeZB6XCT/z/8o7zk4=", "last_login": null, "is_superuser": false, "username": "KareemShelter", "first_name": "", "last_name": "", "is_staff": false, "is_active": true, "date_joined": "2023-11-30T19:20:00Z", "email": "kareem@gmail.comdfdfs", "phone_number": "1234567890", "address": "adsfasd", "description": "fdsfsdf", "website": null, "banner": "", "profile_picture": "profile_pictures/Screenshot_2023-12-06_at_4.31.16_PM.png", "created_at": "2023-12-01T01:11:11.936Z", "groups": [], "user_permissions": []}}, {"model": "accounts.user", "pk": 25, "fields": {"password": "pbkdf2_sha256$600000$iLoxP34I4kYRarXWWuv2VV$Kd1OFjiItbCLiSuakXuLnGwNIJJpiMrvTRy0p5K/Js4=", "last_login": null, "is_superuser": false, "username": "Kareem3", "first_name": "", "last_name": "", "is_staff": false, "is_active": true, "date_joined": "2023-11-30T19:20:46.819Z", "email": "karee3m@gmail.comdfdfs", "phone_number": "1234567890", "address": "adsfasd", "description": "fdsfsdf", "website": null, "banner": "", "profile_picture": "profile_pictures/Screenshot_2023-11-30_at_2.20.24_PM.png", "created_at": "2023-12-01T01:11:11.936Z", "groups": [], "user_permissions": []}}, {"model": "accounts.user", "pk": 26, "fields": {"password": "pbkdf2_sha256$600000$Yo2iAIf73Swuo0DoUEuk4i$FSxnnE7waCmfJGi/TyRHavuxrdGMwjY0qHa5Jqr7Ggk=", "last_login": null, "is_superuser": false, "username": "Charlie", "first_name": "", "last_name": "", "is_staff": false, "is_active": true, "date_joined": "2023-11-30T19:21:43.704Z", "email": "messi@gmail.comdfdfs", "phone_number": "1234567890", "address": "adsfasd", "description": "fdsfsdf", "website": null, "banner": "", "profile_picture": "profile_pictures/Screenshot_2023-11-16_at_6.28.38_PM.png", "created_at": "2023-12-01T01:11:11.936Z", "groups": [], "user_permissions": []}}, {"model": "accounts.user", "pk": 27, "fields": {"password": "pbkdf2_sha256$600000$rYQ7ziW7CnY8Etz9NyLnhl$j4QLVc1HlWrmeubb7Z1vUoioTZ8TtvQ6Rna3F3/YNfk=", "last_login": null, "is_superuser": false, "username": "new_shelterdf", "first_name": "", "last_name": "", "is_staff": false, "is_active": true, "date_joined": "2023-12-01T01:17:50.440Z", "email": "3@gmai.comfdsffdsfds", "phone_number": "", "address": "", "description": null, "website": null, "banner": "", "profile_picture": "", "created_at": "2023-12-01T01:17:50.441Z", "groups": [], "user_permissions": []}}, {"model": "accounts.user", "pk": 28, "fields": {"password": "pbkdf2_sha256$600000$Ihucl0gvsUpspEM3DXCREA$P0RpMQJnhyp9lZKXtnRLxjDYsf3XV6P8MhecJUZrsxY=", "last_login": null, "is_superuser": false, "username": "seeker0", "first_name": "", "last_name": "", "is_staff": false, "is_active": true, "date_joined": "2023-12-01T02:05:17.912Z", "email": "2sdf3@fdsg.com", "phone_number": "", "address": "", "description": null, "website": null, "banner": "", "profile_picture": "", "created_at": "2023-12-01T02:05:17.913Z", "groups": [], "user_permissions": []}}, {"model": "accounts.user", "pk": 29, "fields": {"password": "pbkdf2_sha256$600000$7e12523z04D7477Y2pMikJ$ZuU7vRkE26ZlHB85jPo76Esm136jIGrCMg4RF8M3XIE=", "last_login": null, "is_superuser": false, "username": "TorontoPet", "first_name": "", "last_name": "", "is_staff": false, "is_active": true, "date_joined": "2023-12-01T18:21:10Z", "email": "23dfsdf@g.com", "phone_number": null, "address": null, "description": "", "website": null, "banner": "", "profile_picture": "profile_pictures/Screenshot_2023-12-06_at_4.31.04_PM.png", "created_at": "2023-12-01T18:21:10.754Z", "groups": [], "user_permissions": []}}, {"model": "accounts.user", "pk": 30, "fields": {"password": "pbkdf2_sha256$600000$qHhiCk6bB3fQoTtpcc5w0v$tuQALWCWkbUxkW42mJXCtBECmFSL50owOPwKI3n7GzQ=", "last_login": null, "is_superuser": false, "username": "seeker80", "first_name": "", "last_name": "", "is_staff": false, "is_active": true, "date_joined": "2023-12-02T22:16:12.227Z", "email": "adsfs@ksjf.com", "phone_number": "", "address": "", "description": null, "website": null, "banner": "", "profile_picture": "", "created_at": "2023-12-02T22:16:12.227Z", "groups": [], "user_permissions": []}}, {"model": "accounts.user", "pk": 31, "fields": {"password": "pbkdf2_sha256$600000$jtVS0WM2SI7VobLYCFv4fu$i7bPPDOdUd9bA50uOIKTRQ4NNRXo//K2PSe9RUV/v78=", "last_login": null, "is_superuser": false, "username": "dfsf", "first_name": "", "last_name": "", "is_staff": false, "is_active": true, "date_joined": "2023-12-03T06:57:27.633Z", "email": "asdf@dkjfkd.com", "phone_number": "", "address": "", "description": null, "website": null, "banner": "", "profile_picture": "", "created_at": "2023-12-03T06:57:27.634Z", "groups": [], "user_permissions": []}}, {"model": "accounts.user", "pk": 32, "fields": {"password": "pbkdf2_sha256$600000$Kw25X129M2v8eYe9m13HQ7$eZfLJb/Cou6MisICNY8yvtMhDchogQb6azg1CL07iA0=", "last_login": "2023-12-04T22:38:58.148Z", "is_superuser": true, "username": "kai", "first_name": "", "last_name": "", "is_staff": true, "is_active": true, "date_joined": "2023-12-04T22:38:35.498Z", "email": "kai@gmail.com", "phone_number": null, "address": null, "description": null, "website": null, "banner": "", "profile_picture": "", "created_at": "2023-12-04T22:38:35.627Z", "groups": [], "user_permissions": []}}, {"model": "accounts.user", "pk": 33, "fields": {"password": "pbkdf2_sha256$600000$i8vzxeZrKrpUfHMhdS5cKF$JignbXbx+jCoPj42vgAc6jhVFyTPlRPUKaiRf1HrupI=", "last_login": null, "is_superuser": false, "username": "AnimalShelter", "first_name": "", "last_name": "", "is_staff": false, "is_active": true, "date_joined": "2023-12-05T23:28:55Z", "email": "23@g.com233", "phone_number": null, "address": null, "description": "", "website": null, "banner": "", "profile_picture": "profile_pictures/Screenshot_2023-12-06_at_4.30.58_PM.png", "created_at": "2023-12-05T23:28:55.907Z", "groups": [], "user_permissions": []}}, {"model": "accounts.user", "pk": 34, "fields": {"password": "pbkdf2_sha256$600000$zydIdqv1ho5PErRJ6Wbr6e$QpmEJUWrCLyvXNfRtkWU9hTjR75QcEsEJ+6LmXjrDVg=", "last_login": null, "is_superuser": false, "username": "Alvin", "first_name": "", "last_name": "", "is_staff": false, "is_active": true, "date_joined": "2023-12-06T02:57:57Z", "email": "23@g.com888", "phone_number": null, "address": null, "description": "", "website": null, "banner": "", "profile_picture": "profile_pictures/Screenshot_2023-12-06_at_4.31.24_PM.png", "created_at": "2023-12-06T02:57:57.156Z", "groups": [], "user_permissions": []}}, {"model": "accounts.user", "pk": 35, "fields": {"password": "pbkdf2_sha256$600000$2x00bseQlGojAHw5VdHDpt$pNGX8kPkynGf6ouOS94dMxuY6ppURJ5zneLIfbOM6Ec=", "last_login": null, "is_superuser": false, "username": "Hans", "first_name": "", "last_name": "", "is_staff": false, "is_active": true, "date_joined": "2023-12-06T21:28:02Z", "email": "23dfsdf@gmail.com", "phone_number": null, "address": null, "description": "", "website": null, "banner": "", "profile_picture": "profile_pictures/Screenshot_2023-12-06_at_4.31.47_PM.png", "created_at": "2023-12-06T21:28:02.896Z", "groups": [], "user_permissions": []}}, {"model": "accounts.petseeker", "pk": 1, "fields": {"receive_pet_notification": true}}, {"model": "accounts.petseeker", "pk": 2, "fields": {"receive_pet_notification": true}}, {"model": "accounts.petseeker", "pk": 3, "fields": {"receive_pet_notification": true}}, {"model": "accounts.petseeker", "pk": 4, "fields": {"receive_pet_notification": true}}, {"model": "accounts.petseeker", "pk": 5, "fields": {"receive_pet_notification": true}}, {"model": "accounts.petseeker", "pk": 6, "fields": {"receive_pet_notification": true}}, {"model": "accounts.petseeker", "pk": 7, "fields": {"receive_pet_notification": true}}, {"model": "accounts.petseeker", "pk": 17, "fields": {"receive_pet_notification": true}}, {"model": "accounts.petseeker", "pk": 20, "fields": {"receive_pet_notification": true}}, {"model": "accounts.petseeker", "pk": 21, "fields": {"receive_pet_notification": false}}, {"model": "accounts.petseeker", "pk": 27, "fields": {"receive_pet_notification": true}}, {"model": "accounts.petseeker", "pk": 28, "fields": {"receive_pet_notification": true}}, {"model": "accounts.petseeker", "pk": 30, "fields": {"receive_pet_notification": true}}, {"model": "accounts.petseeker", "pk": 31, "fields": {"receive_pet_notification": true}}, {"model": "accounts.petseeker", "pk": 35, "fields": {"receive_pet_notification": true}}, {"model": "accounts.petshelter", "pk": 8, "fields": {"mission_title": "m1", "mission_statement": "ms1"}}, {"model": "accounts.petshelter", "pk": 9, "fields": {"mission_title": "m2", "mission_statement": "ms2"}}, {"model": "accounts.petshelter", "pk": 10, "fields": {"mission_title": "Rescue and Offer a Home", "mission_statement": "To rescue, rehabilitate and rehome animals in crisis, ensure healthy pets through education, advocacy and affordable services, and inspire a community where the animal-human bond is celebrated and nurtured"}}, {"model": "accounts.petshelter", "pk": 11, "fields": {"mission_title": "To Love, To Rescue", "mission_statement": "To advance the safety and well-being of animals,\" with a vision that \"all animals live a life free of cruelty and suffering.\" Prioritize \"kindness, respect, compassion, awareness, and integrity\" in all aspects of their work."}}, {"model": "accounts.petshelter", "pk": 12, "fields": {"mission_title": "m5", "mission_statement": "ms5"}}, {"model": "accounts.petshelter", "pk": 13, "fields": {"mission_title": "m6", "mission_statement": "ms6"}}, {"model": "accounts.petshelter", "pk": 14, "fields": {"mission_title": "m7", "mission_statement": "ms7"}}, {"model": "accounts.petshelter", "pk": 18, "fields": {"mission_title": null, "mission_statement": null}}, {"model": "accounts.petshelter", "pk": 19, "fields": {"mission_title": null, "mission_statement": ""}}, {"model": "accounts.petshelter", "pk": 21, "fields": {"mission_title": null, "mission_statement": ""}}, {"model": "accounts.petshelter", "pk": 22, "fields": {"mission_title": null, "mission_statement": ""}}, {"model": "accounts.petshelter", "pk": 23, "fields": {"mission_title": null, "mission_statement": ""}}, {"model": "accounts.petshelter", "pk": 24, "fields": {"mission_title": null, "mission_statement": ""}}, {"model": "accounts.petshelter", "pk": 25, "fields": {"mission_title": "", "mission_statement": ""}}, {"model": "accounts.petshelter", "pk": 26, "fields": {"mission_title": "", "mission_statement": ""}}, {"model": "accounts.petshelter", "pk": 29, "fields": {"mission_title": null, "mission_statement": ""}}, {"model": "accounts.petshelter", "pk": 33, "fields": {"mission_title": null, "mission_statement": ""}}, {"model": "accounts.petshelter", "pk": 34, "fields": {"mission_title": null, "mission_statement": ""}}, {"model": "pets.pettype", "pk": 1, "fields": {"name": "Cat"}}, {"model": "pets.pettype", "pk": 2, "fields": {"name": "Dog"}}, {"model": "pets.pettype", "pk": 3, "fields": {"name": "Bird"}}, {"model": "pets.pettype", "pk": 4, "fields": {"name": "Rabbit"}}, {"model": "pets.breed", "pk": 1, "fields": {"pet_type": 1, "name": "American Bobtail"}}, {"model": "pets.breed", "pk": 2, "fields": {"pet_type": 1, "name": "Persian Cat"}}, {"model": "pets.breed", "pk": 3, "fields": {"pet_type": 2, "name": "Golden Retriever"}}, {"model": "pets.pet", "pk": 1, "fields": {"name": "Miro", "owner": 8, "status": "available", "sex": "female", "pet_type": 1, "breed": 1, "color": "black", "age": 2.5, "weight": 20.0, "adoption_fee": "10000.99", "adoption_location": "Whatever Location Avenue", "medical_history": "She is always happy!", "notes": "thanks", "picture_1": "pet_images/_1_GeXWIUm.png", "picture_2": "", "picture_3": "", "last_modified": "2023-11-21T21:53:48.262Z", "created_at": "2023-12-06T09:26:20.727Z"}}, {"model": "pets.pet", "pk": 2, "fields": {"name": "Moca", "owner": 8, "status": "available", "sex": "female", "pet_type": 2, "breed": 2, "color": "white", "age": 3.0, "weight": 15.0, "adoption_fee": "10000.99", "adoption_location": "Whatever Location Avenue", "medical_history": "She is always happy!", "notes": "thanks", "picture_1": "pet_images/qr-code_20.png", "picture_2": "pet_images/qr-code_18_EV1YAHw.png", "picture_3": "pet_images/qr-code_18_C5pdk06.png", "last_modified": "2023-12-06T10:06:22.356Z", "created_at": "2023-12-06T09:26:20.727Z"}}, {"model": "pets.pet", "pk": 3, "fields": {"name": "Happy Dog", "owner": 9, "status": "available", "sex": "male", "pet_type": 2, "breed": 3, "color": "brown", "age": 10.0, "weight": 12.0, "adoption_fee": "999.00", "adoption_location": "Whatever Location Avenue", "medical_history": "He is always happy!", "notes": "thanks", "picture_1": "pet_images/dog.jpg", "picture_2": "", "picture_3": "", "last_modified": "2023-11-21T22:01:58.614Z", "created_at": "2023-12-06T09:26:20.727Z"}}, {"model": "pets.pet", "pk": 4, "fields": {"name": "Unhappy Dog", "owner": 9, "status": "available", "sex": null, "pet_type": 2, "breed": 3, "color": "brown", "age": 10.0, "weight": 12.0, "adoption_fee": "999.00", "adoption_location": "Whatever Location Avenue", "medical_history": "He is always unhappy!", "notes": "thanks", "picture_1": "pet_images/dog_RwuiKWM.jpg", "picture_2": "", "picture_3": "", "last_modified": "2023-11-21T22:03:08.045Z", "created_at": "2023-12-06T09:26:20.727Z"}}, {"model": "pets.pet", "pk": 5, "fields": {"name": "Pikachu", "owner": 11, "status": "available", "sex": "female", "pet_type": 1, "breed": 1, "color": "orange", "age": 10.0, "weight": 100.0, "adoption_fee": "999.00", "adoption_location": "KaiHome", "medical_history": "N/A", "notes": "Thanks for bringing me home.", "picture_1": "pet_images/Screenshot_2023-12-06_at_4.19.19_PM_OxIOBEk.png", "picture_2": "pet_images/Screenshot_2023-12-06_at_4.19.48_PM_HlA34tO.png", "picture_3": "pet_images/Screenshot_2023-12-06_at_4.20.03_PM.png", "last_modified": "2023-12-06T22:34:30.851Z", "created_at": "2023-12-06T21:15:12.517Z"}}, {"model": "pets.pet", "pk": 6, "fields": {"name": "Pikachu", "owner": 8, "status": "available", "sex": null, "pet_type": null, "breed": null, "color": null, "age": 10.0, "weight": 100.0, "adoption_fee": "999.00", "adoption_location": "Whatever Location Avenue", "medical_history": "Pika!", "notes": "thanks", "picture_1": "pet_images/qr-code_23.png", "picture_2": "", "picture_3": "", "last_modified": "2023-12-03T05:46:56.280Z", "created_at": "2023-12-06T09:26:20.727Z"}}, {"model": "pets.pet", "pk": 7, "fields": {"name": "Kevin", "owner": 10, "status": "available", "sex": "male", "pet_type": 1, "breed": 1, "color": "brown", "age": 12.0, "weight": 12.0, "adoption_fee": "1.00", "adoption_location": "KareemHomeInc", "medical_history": "N/A", "notes": "Best Pet Ever!", "picture_1": "pet_images/Screenshot_2023-12-06_at_4.18.43_PM_COWx56i.png", "picture_2": "pet_images/Screenshot_2023-12-06_at_4.18.21_PM.png", "picture_3": "pet_images/Screenshot_2023-12-06_at_4.19.01_PM.png", "last_modified": "2023-12-06T22:24:20.333Z", "created_at": "2023-12-06T21:15:12.517Z"}}, {"model": "pets.pet", "pk": 8, "fields": {"name": "Gary", "owner": 11, "status": "available", "sex": "male", "pet_type": 1, "breed": 1, "color": "gray", "age": 1.5, "weight": 22.0, "adoption_fee": "1.00", "adoption_location": "KaiInc", "medical_history": "N/A", "notes": "The Best Pet Ever!", "picture_1": "pet_images/Screenshot_2023-12-06_at_4.18.21_PM_oC6APq3.png", "picture_2": "pet_images/Screenshot_2023-12-06_at_4.19.01_PM_MyAXjm0.png", "picture_3": "pet_images/Screenshot_2023-12-06_at_4.19.40_PM.png", "last_modified": "2023-12-06T22:28:21.980Z", "created_at": "2023-12-06T21:15:12.517Z"}}, {"model": "pets.pet", "pk": 9, "fields": {"name": "Cathy", "owner": 10, "status": "available", "sex": "female", "pet_type": 1, "breed": 1, "color": "orange", "age": 5.0, "weight": 25.0, "adoption_fee": "24.00", "adoption_location": "KareemHomeInc", "medical_history": "N/A", "notes": "The best Pet Ever!", "picture_1": "pet_images/cat-image-2_qiA0rBg.jpg", "picture_2": "pet_images/Screenshot_2023-12-06_at_4.18.29_PM.png", "picture_3": "pet_images/Screenshot_2023-12-06_at_4.18.51_PM_HeB2Xlt.png", "last_modified": "2023-12-06T22:22:19.820Z", "created_at": "2023-12-06T21:15:12.517Z"}}, {"model": "pets.pet", "pk": 10, "fields": {"name": "Kelly", "owner": 10, "status": "available", "sex": "female", "pet_type": 1, "breed": 1, "color": "orange", "age": 7.0, "weight": 50.0, "adoption_fee": "144.00", "adoption_location": "KareemHomeInc", "medical_history": "N/A", "notes": "Best Pet Ever!", "picture_1": "pet_images/cat-image-1.jpg", "picture_2": "pet_images/Screenshot_2023-12-06_at_4.18.29_PM_jWIVLXA.png", "picture_3": "pet_images/Screenshot_2023-12-06_at_4.19.19_PM.png", "last_modified": "2023-12-06T22:42:18.157Z", "created_at": "2023-12-06T21:15:12.517Z"}}, {"model": "pets.pet", "pk": 11, "fields": {"name": "Genius", "owner": 11, "status": "available", "sex": "male", "pet_type": 1, "breed": 1, "color": "orange", "age": 5.0, "weight": 55.0, "adoption_fee": "5555.00", "adoption_location": "KaiHome", "medical_history": "N/A", "notes": "5", "picture_1": "pet_images/Screenshot_2023-12-06_at_4.19.48_PM.png", "picture_2": "pet_images/Screenshot_2023-12-06_at_4.19.57_PM.png", "picture_3": "pet_images/Screenshot_2023-12-06_at_4.19.48_PM_saqDRtG.png", "last_modified": "2023-12-06T22:26:00.942Z", "created_at": "2023-12-06T21:15:12.517Z"}}, {"model": "pets.pet", "pk": 12, "fields": {"name": "Alvin", "owner": 10, "status": "available", "sex": "male", "pet_type": 1, "breed": 1, "color": "white", "age": 12.0, "weight": 112.0, "adoption_fee": "112.00", "adoption_location": "KareemHomeInc", "medical_history": "Vaccination History:\r\nRabies: Administered annually, last given on May 1, 2022.\r\n\r\nFVRCP (Feline Viral Rhinotracheitis, Calicivirus, and Panleukopenia): Administered every 3 years, last given on May 1, 2021.\r\n\r\nFeLV (Feline Leukemia Virus): Not given due to being an indoor cat.\r\nParasite Prevention:", "notes": "The best pet of KareemHome.", "picture_1": "pet_images/Screenshot_2023-12-06_at_4.18.36_PM.png", "picture_2": "pet_images/Screenshot_2023-12-06_at_4.18.43_PM.png", "picture_3": "pet_images/Screenshot_2023-12-06_at_4.18.51_PM.png", "last_modified": "2023-12-06T22:14:38.465Z", "created_at": "2023-12-06T21:15:12.517Z"}}, {"model": "pets.pet", "pk": 13, "fields": {"name": "Jessica", "owner": 11, "status": "available", "sex": "female", "pet_type": 1, "breed": 1, "color": "black", "age": 9.0, "weight": 6.0, "adoption_fee": "666.00", "adoption_location": "KaiHome", "medical_history": "N/A", "notes": "Very Cute Cat!", "picture_1": "pet_images/Screenshot_2023-12-06_at_4.19.25_PM.png", "picture_2": "pet_images/Screenshot_2023-12-06_at_4.19.40_PM_nsM5g0z.png", "picture_3": "pet_images/Screenshot_2023-12-06_at_4.19.01_PM_5TOZKcN.png", "last_modified": "2023-12-06T22:36:33.976Z", "created_at": "2023-12-06T22:36:33.977Z"}}, {"model": "pets.pet", "pk": 14, "fields": {"name": "Josephine", "owner": 10, "status": "available", "sex": "female", "pet_type": 1, "breed": 2, "color": "white", "age": 3.0, "weight": 33.0, "adoption_fee": "333.00", "adoption_location": "KareemHomeInc", "medical_history": "N/A", "notes": "Very Cute!", "picture_1": "pet_images/Screenshot_2023-12-06_at_5.38.49_PM.png", "picture_2": "pet_images/Screenshot_2023-12-06_at_5.38.43_PM.png", "picture_3": "pet_images/Screenshot_2023-12-06_at_5.38.36_PM.png", "last_modified": "2023-12-06T22:41:25.523Z", "created_at": "2023-12-06T22:41:25.523Z"}}, {"model": "pets.pet", "pk": 15, "fields": {"name": "Kevin", "owner": 10, "status": "available", "sex": "male", "pet_type": 1, "breed": 2, "color": "white", "age": 7.0, "weight": 23.0, "adoption_fee": "77.00", "adoption_location": "777", "medical_history": "N/A", "notes": "Very Cute Pet!", "picture_1": "pet_images/Screenshot_2023-12-06_at_5.38.36_PM_oGa3TTo.png", "picture_2": "pet_images/Screenshot_2023-12-06_at_5.38.13_PM.png", "picture_3": "pet_images/Screenshot_2023-12-06_at_5.38.18_PM.png", "last_modified": "2023-12-06T22:43:57.115Z", "created_at": "2023-12-06T22:43:57.116Z"}}, {"model": "pets.pet", "pk": 16, "fields": {"name": "a", "owner": 8, "status": "available", "sex": "", "pet_type": 1, "breed": null, "color": null, "age": 1.0, "weight": 2.0, "adoption_fee": "3.00", "adoption_location": "4", "medical_history": "1", "notes": "a", "picture_1": "pet_images/CSC373_A3.jpg", "picture_2": "", "picture_3": "", "last_modified": "2023-12-05T02:38:09.340Z", "created_at": "2023-12-06T09:26:20.727Z"}}, {"model": "pets.pet", "pk": 17, "fields": {"name": "Pikachu", "owner": 8, "status": "adopted", "sex": null, "pet_type": null, "breed": null, "color": "brown", "age": 10.0, "weight": 100.0, "adoption_fee": "999.00", "adoption_location": "Whatever Location Avenue", "medical_history": "Pika!", "notes": "thanks", "picture_1": "pet_images/pikachu_oNM6TtE.png", "picture_2": "", "picture_3": "", "last_modified": "2023-12-06T09:35:02.806Z", "created_at": "2023-12-06T09:26:20.727Z"}}, {"model": "pets.pet", "pk": 18, "fields": {"name": "Pikachu", "owner": 8, "status": "available", "sex": null, "pet_type": null, "breed": null, "color": "brown", "age": 10.0, "weight": 100.0, "adoption_fee": "999.00", "adoption_location": "Whatever Location Avenue", "medical_history": "Pika!", "notes": "thanks", "picture_1": "pet_images/pikachu_8RYAEvv.png", "picture_2": "", "picture_3": "", "last_modified": "2023-12-05T06:56:26.781Z", "created_at": "2023-12-06T09:26:20.727Z"}}, {"model": "pets.pet", "pk": 19, "fields": {"name": "Pikachu", "owner": 8, "status": "available", "sex": null, "pet_type": null, "breed": null, "color": "brown", "age": 10.0, "weight": 100.0, "adoption_fee": "999.00", "adoption_location": "Whatever Location Avenue", "medical_history": "Pika!", "notes": "thanks", "picture_1": "pet_images/pikachu_4rrfA1V.png", "picture_2": "", "picture_3": "", "last_modified": "2023-12-05T06:56:47.221Z", "created_at": "2023-12-06T09:26:20.727Z"}}, {"model": "pets.pet", "pk": 20, "fields": {"name": "Pikachu", "owner": 8, "status": "available", "sex": null, "pet_type": null, "breed": null, "color": "brown", "age": 10.0, "weight": 100.0, "adoption_fee": "999.00", "adoption_location": "Whatever Location Avenue", "medical_history": "Pika!", "notes": "thanks", "picture_1": "pet_images/pikachu_PpisIgZ.png", "picture_2": "", "picture_3": "", "last_modified": "2023-12-05T06:57:02.897Z", "created_at": "2023-12-06T09:26:20.727Z"}}, {"model": "pets.pet", "pk": 21, "fields": {"name": "Pikachu", "owner": 8, "status": "available", "sex": null, "pet_type": null, "breed": null, "color": "brown", "age": 10.0, "weight": 100.0, "adoption_fee": "999.00", "adoption_location": "Whatever Location Avenue", "medical_history": "Pika!", "notes": "thanks", "picture_1": "pet_images/pikachu_gvvXw3W.png", "picture_2": "", "picture_3": "", "last_modified": "2023-12-05T06:59:38.834Z", "created_at": "2023-12-06T09:26:20.727Z"}}, {"model": "pets.pet", "pk": 22, "fields": {"name": "Pikachu", "owner": 8, "status": "available", "sex": null, "pet_type": null, "breed": null, "color": "brown", "age": 10.0, "weight": 100.0, "adoption_fee": "999.00", "adoption_location": "Whatever Location Avenue", "medical_history": "Pika!", "notes": "thanks", "picture_1": "pet_images/pikachu_pD4wic8.png", "picture_2": "", "picture_3": "", "last_modified": "2023-12-05T07:01:59.286Z", "created_at": "2023-12-06T09:26:20.727Z"}}, {"model": "pets.pet", "pk": 23, "fields": {"name": "Pikachu", "owner": 8, "status": "available", "sex": null, "pet_type": null, "breed": null, "color": "brown", "age": 10.0, "weight": 100.0, "adoption_fee": "999.00", "adoption_location": "Whatever Location Avenue", "medical_history": "Pika!", "notes": "thanks", "picture_1": "pet_images/pikachu_Mknohyq.png", "picture_2": "", "picture_3": "", "last_modified": "2023-12-05T07:02:38.210Z", "created_at": "2023-12-06T09:26:20.727Z"}}, {"model": "pets.pet", "pk": 24, "fields": {"name": "a", "owner": 8, "status": "available", "sex": "", "pet_type": 1, "breed": null, "color": null, "age": 1.0, "weight": 1.0, "adoption_fee": "1.00", "adoption_location": "1", "medical_history": "1", "notes": "asd", "picture_1": "pet_images/dog_JnsbcJc.jpg", "picture_2": "pet_images/cat_MD9S3TS.jpg", "picture_3": "pet_images/qr-code_21.png", "last_modified": "2023-12-06T07:31:41.024Z", "created_at": "2023-12-06T09:26:20.727Z"}}, {"model": "pets.pet", "pk": 25, "fields": {"name": "adf", "owner": 8, "status": "available", "sex": "", "pet_type": 1, "breed": null, "color": null, "age": 1.0, "weight": 1.0, "adoption_fee": "1.00", "adoption_location": "1", "medical_history": "1", "notes": "a", "picture_1": "pet_images/qr-code_23_ps6Vkjz.png", "picture_2": "pet_images/Screenshot_1946_l7zJohi.png", "picture_3": "pet_images/qr-code_18.png", "last_modified": "2023-12-06T09:41:54.540Z", "created_at": "2023-12-06T09:41:54.540Z"}}, {"model": "pets.pet", "pk": 26, "fields": {"name": "Pikachu", "owner": 8, "status": "available", "sex": "", "pet_type": 2, "breed": 3, "color": "brown", "age": 10.0, "weight": 100.0, "adoption_fee": "999.00", "adoption_location": "Whatever Location Avenue", "medical_history": "Pika!", "notes": "thanks", "picture_1": "pet_images/pikachu_qMme7Re.png", "picture_2": "", "picture_3": "", "last_modified": "2023-12-06T10:20:10.213Z", "created_at": "2023-12-06T10:20:10.213Z"}}, {"model": "pets.pet", "pk": 27, "fields": {"name": "Pikachu", "owner": 8, "status": "available", "sex": "", "pet_type": 2, "breed": 3, "color": "brown", "age": 10.0, "weight": 100.0, "adoption_fee": "999.00", "adoption_location": "Whatever Location Avenue", "medical_history": "Pika!", "notes": "thanks", "picture_1": "pet_images/pikachu_ITV3AuE.png", "picture_2": "", "picture_3": "", "last_modified": "2023-12-06T10:20:39.292Z", "created_at": "2023-12-06T10:20:39.292Z"}}, {"model": "pets.pet", "pk": 28, "fields": {"name": "a", "owner": 10, "status": "available", "sex": "", "pet_type": 1, "breed": null, "color": null, "age": 1.0, "weight": 1.0, "adoption_fee": "1.00", "adoption_location": "11", "medical_history": "1", "notes": "szdafs", "picture_1": "media/pet_images/qr-code_23_xrfqxp", "picture_2": "media/pet_images/qr-code_22_jnjbcs", "picture_3": "media/pet_images/qr-code_21_vy8pcr", "last_modified": "2023-12-07T02:11:12.744Z", "created_at": "2023-12-07T02:11:12.744Z"}}, {"model": "pets.pet", "pk": 29, "fields": {"name": "a", "owner": 8, "status": "available", "sex": "", "pet_type": 1, "breed": null, "color": null, "age": 1.0, "weight": 11.0, "adoption_fee": "11.00", "adoption_location": "1", "medical_history": "11", "notes": "asdf", "picture_1": "pet_images/Breeds_Thumbnails_4_1_1024x1024.webp", "picture_2": "pet_images/dog-breed-profile-golden-retriever-1117969-hero-da398f6462704058ace0ef5ae007866d.jpeg", "picture_3": "pet_images/Breeds_Thumbnails_4_1_1024x1024_JuJXWGo.webp", "last_modified": "2023-12-07T08:36:01.457Z", "created_at": "2023-12-07T08:36:01.457Z"}}, {"model": "comments.comment", "pk": 1, "fields": {"user": 1, "text": "I should be a proper comment 1 from seeker1 !", "created_at": "2023-11-22T00:09:35.320Z", "reply_to": null, "content_type": 15, "object_id": 1}}, {"model": "comments.comment", "pk": 2, "fields": {"user": 1, "text": "I should be a proper comment 2 from seeker1 !", "created_at": "2023-11-22T00:09:47.610Z", "reply_to": null, "content_type": 15, "object_id": 1}}, {"model": "comments.comment", "pk": 3, "fields": {"user": 8, "text": "I should be a proper comment 1 from shelter 1!", "created_at": "2023-11-22T00:14:02.130Z", "reply_to": null, "content_type": 15, "object_id": 1}}, {"model": "comments.comment", "pk": 4, "fields": {"user": 1, "text": "This is a nice shelter comment from seeker 1", "created_at": "2023-11-22T00:48:16.678Z", "reply_to": null, "content_type": 8, "object_id": 8}}, {"model": "comments.comment", "pk": 5, "fields": {"user": 8, "text": "I comment on my own shelter as the second comment!", "created_at": "2023-11-22T00:49:53.728Z", "reply_to": null, "content_type": 8, "object_id": 8}}, {"model": "comments.comment", "pk": 6, "fields": {"user": 1, "text": "This is a reply from seeker1 regarding shelter1's comment", "created_at": "2023-11-22T01:22:37.641Z", "reply_to": 3, "content_type": 15, "object_id": 1}}, {"model": "comments.comment", "pk": 7, "fields": {"user": 28, "text": "jdkjfkdsf", "created_at": "2023-12-04T22:39:53.361Z", "reply_to": null, "content_type": 15, "object_id": 6}}, {"model": "comments.comment", "pk": 8, "fields": {"user": 28, "text": "jdkjfkdsf", "created_at": "2023-12-04T22:39:58.655Z", "reply_to": null, "content_type": 15, "object_id": 6}}, {"model": "comments.comment", "pk": 9, "fields": {"user": 28, "text": "jdkjfkdsf", "created_at": "2023-12-04T22:40:02.184Z", "reply_to": null, "content_type": 15, "object_id": 6}}, {"model": "comments.comment", "pk": 10, "fields": {"user": 28, "text": "jdkjfkdsf\nfds", "created_at": "2023-12-04T22:40:05.463Z", "reply_to": null, "content_type": 15, "object_id": 6}}, {"model": "comments.comment", "pk": 11, "fields": {"user": 28, "text": "jdkjfkdsf\nfdsdfsf", "created_at": "2023-12-04T22:40:08.231Z", "reply_to": null, "content_type": 15, "object_id": 6}}, {"model": "comments.comment", "pk": 12, "fields": {"user": 28, "text": "jdkjfkdsf\nfdsdfsf", "created_at": "2023-12-04T22:40:31.668Z", "reply_to": null, "content_type": 15, "object_id": 6}}, {"model": "comments.comment", "pk": 13, "fields": {"user": 28, "text": "jdkjfkdsf\nfdsdfsf", "created_at": "2023-12-04T22:40:31.839Z", "reply_to": null, "content_type": 15, "object_id": 6}}, {"model": "comments.comment", "pk": 14, "fields": {"user": 28, "text": "jdkjfkdsf\nfdsdfsf", "created_at": "2023-12-04T22:40:32.007Z", "reply_to": null, "content_type": 15, "object_id": 6}}, {"model": "comments.comment", "pk": 15, "fields": {"user": 28, "text": "jdkjfkdsf\nfdsdfsf", "created_at": "2023-12-04T22:40:32.134Z", "reply_to": null, "content_type": 15, "object_id": 6}}, {"model": "comments.comment", "pk": 16, "fields": {"user": 28, "text": "jdkjfkdsf\nfdsdfsf", "created_at": "2023-12-04T22:40:32.273Z", "reply_to": null, "content_type": 15, "object_id": 6}}, {"model": "comments.comment", "pk": 17, "fields": {"user": 28, "text": "jdkjfkdsf\nfdsdfsf", "created_at": "2023-12-04T22:40:32.375Z", "reply_to": null, "content_type": 15, "object_id": 6}}, {"model": "comments.comment", "pk": 18, "fields": {"user": 28, "text": "jdkjfkdsf\nfdsdfsf", "created_at": "2023-12-04T22:40:32.505Z", "reply_to": null, "content_type": 15, "object_id": 6}}, {"model": "comments.comment", "pk": 19, "fields": {"user": 28, "text": "jdkjfkdsf\nfdsdfsf", "created_at": "2023-12-04T22:40:32.661Z", "reply_to": null, "content_type": 15, "object_id": 6}}, {"model": "comments.comment", "pk": 20, "fields": {"user": 28, "text": "jdkjfkdsf\nfdsdfsf", "created_at": "2023-12-04T22:40:32.750Z", "reply_to": null, "content_type": 15, "object_id": 6}}, {"model": "comments.comment", "pk": 21, "fields": {"user": 28, "text": "jdkjfkdsf\nfdsdfsf", "created_at": "2023-12-04T22:40:32.920Z", "reply_to": null, "content_type": 15, "object_id": 6}}, {"model": "comments.comment", "pk": 22, "fields": {"user": 28, "text": "jdkjfkdsf\nfdsdfsf", "created_at": "2023-12-04T22:40:33.044Z", "reply_to": null, "content_type": 15, "object_id": 6}}, {"model": "comments.comment", "pk": 23, "fields": {"user": 28, "text": "jdkjfkdsf\nfdsdfsf", "created_at": "2023-12-04T22:40:33.190Z", "reply_to": null, "content_type": 15, "object_id": 6}}, {"model": "comments.comment", "pk": 24, "fields": {"user": 28, "text": "jdkjfkdsf\nfdsdfsf", "created_at": "2023-12-04T22:40:33.332Z", "reply_to": null, "content_type": 15, "object_id": 6}}, {"model": "comments.comment", "pk": 25, "fields": {"user": 28, "text": "jdkjfkdsf\nfdsdfsf", "created_at": "2023-12-04T22:40:33.470Z", "reply_to": null, "content_type": 15, "object_id": 6}}, {"model": "comments.comment", "pk": 26, "fields": {"user": 28, "text": "jdkjfkdsf\nfdsdfsf", "created_at": "2023-12-04T22:40:33.596Z", "reply_to": null, "content_type": 15, "object_id": 6}}, {"model": "comments.comment", "pk": 27, "fields": {"user": 28, "text": "jdkjfkdsf\nfdsdfsf", "created_at": "2023-12-04T22:40:33.725Z", "reply_to": null, "content_type": 15, "object_id": 6}}, {"model": "comments.comment", "pk": 28, "fields": {"user": 28, "text": "jdkjfkdsf\nfdsdfsf", "created_at": "2023-12-04T22:40:33.849Z", "reply_to": null, "content_type": 15, "object_id": 6}}, {"model": "comments.comment", "pk": 29, "fields": {"user": 28, "text": "jdkjfkdsf\nfdsdfsf", "created_at": "2023-12-04T22:40:33.983Z", "reply_to": null, "content_type": 15, "object_id": 6}}, {"model": "comments.comment", "pk": 30, "fields": {"user": 28, "text": "jdkjfkdsf\nfdsdfsf", "created_at": "2023-12-04T22:40:34.132Z", "reply_to": null, "content_type": 15, "object_id": 6}}, {"model": "comments.comment", "pk": 31, "fields": {"user": 28, "text": "jdkjfkdsf\nfdsdfsf", "created_at": "2023-12-04T22:40:34.291Z", "reply_to": null, "content_type": 15, "object_id": 6}}, {"model": "comments.comment", "pk": 32, "fields": {"user": 28, "text": "jdkjfkdsf\nfdsdfsf", "created_at": "2023-12-04T22:40:34.431Z", "reply_to": null, "content_type": 15, "object_id": 6}}, {"model": "comments.comment", "pk": 33, "fields": {"user": 28, "text": "jdkjfkdsf\nfdsdfsf", "created_at": "2023-12-04T22:40:34.590Z", "reply_to": null, "content_type": 15, "object_id": 6}}, {"model": "comments.comment", "pk": 34, "fields": {"user": 28, "text": "jdkjfkdsf\nfdsdfsf", "created_at": "2023-12-04T22:40:34.731Z", "reply_to": null, "content_type": 15, "object_id": 6}}, {"model": "comments.comment", "pk": 35, "fields": {"user": 28, "text": "jdkjfkdsf\nfdsdfsf", "created_at": "2023-12-04T22:40:34.874Z", "reply_to": null, "content_type": 15, "object_id": 6}}, {"model": "comments.comment", "pk": 36, "fields": {"user": 28, "text": "jdkjfkdsf\nfdsdfsf", "created_at": "2023-12-04T22:40:34.998Z", "reply_to": null, "content_type": 15, "object_id": 6}}, {"model": "comments.comment", "pk": 37, "fields": {"user": 28, "text": "jdkjfkdsf\nfdsdfsf", "created_at": "2023-12-04T22:40:35.144Z", "reply_to": null, "content_type": 15, "object_id": 6}}, {"model": "comments.comment", "pk": 38, "fields": {"user": 28, "text": "ki", "created_at": "2023-12-04T22:40:47.342Z", "reply_to": null, "content_type": 15, "object_id": 6}}, {"model": "comments.comment", "pk": 39, "fields": {"user": 28, "text": "jdkfkfd", "created_at": "2023-12-05T07:26:31.456Z", "reply_to": null, "content_type": 15, "object_id": 6}}, {"model": "comments.comment", "pk": 40, "fields": {"user": 28, "text": "fdsf", "created_at": "2023-12-06T06:19:02.597Z", "reply_to": null, "content_type": 15, "object_id": 9}}, {"model": "comments.comment", "pk": 41, "fields": {"user": 28, "text": "dfdsfas", "created_at": "2023-12-06T06:19:07.217Z", "reply_to": null, "content_type": 15, "object_id": 9}}, {"model": "comments.comment", "pk": 42, "fields": {"user": 28, "text": "adfsf", "created_at": "2023-12-06T06:19:09.067Z", "reply_to": null, "content_type": 15, "object_id": 9}}, {"model": "comments.comment", "pk": 43, "fields": {"user": 28, "text": "dsf", "created_at": "2023-12-06T06:20:52.197Z", "reply_to": null, "content_type": 15, "object_id": 10}}, {"model": "comments.comment", "pk": 44, "fields": {"user": 1, "text": "a", "created_at": "2023-12-04T17:43:19.625Z", "reply_to": null, "content_type": 15, "object_id": 1}}, {"model": "comments.comment", "pk": 45, "fields": {"user": 1, "text": "a", "created_at": "2023-12-04T17:43:23.135Z", "reply_to": null, "content_type": 15, "object_id": 1}}, {"model": "comments.comment", "pk": 46, "fields": {"user": 1, "text": "aa", "created_at": "2023-12-04T17:43:24.304Z", "reply_to": null, "content_type": 15, "object_id": 1}}, {"model": "comments.comment", "pk": 47, "fields": {"user": 1, "text": "aaaaaa", "created_at": "2023-12-04T17:43:25.614Z", "reply_to": null, "content_type": 15, "object_id": 1}}, {"model": "comments.comment", "pk": 48, "fields": {"user": 1, "text": "a", "created_at": "2023-12-04T17:43:38.290Z", "reply_to": null, "content_type": 15, "object_id": 1}}, {"model": "comments.comment", "pk": 49, "fields": {"user": 1, "text": "a", "created_at": "2023-12-04T17:43:38.462Z", "reply_to": null, "content_type": 15, "object_id": 1}}, {"model": "comments.comment", "pk": 50, "fields": {"user": 1, "text": "a", "created_at": "2023-12-04T17:43:38.659Z", "reply_to": null, "content_type": 15, "object_id": 1}}, {"model": "comments.comment", "pk": 51, "fields": {"user": 1, "text": "a", "created_at": "2023-12-04T17:43:38.853Z", "reply_to": null, "content_type": 15, "object_id": 1}}, {"model": "comments.comment", "pk": 52, "fields": {"user": 1, "text": "a", "created_at": "2023-12-04T17:43:40.227Z", "reply_to": null, "content_type": 15, "object_id": 1}}, {"model": "comments.comment", "pk": 53, "fields": {"user": 1, "text": "a", "created_at": "2023-12-04T17:43:40.371Z", "reply_to": null, "content_type": 15, "object_id": 1}}, {"model": "comments.comment", "pk": 54, "fields": {"user": 1, "text": "a", "created_at": "2023-12-04T17:43:40.550Z", "reply_to": null, "content_type": 15, "object_id": 1}}, {"model": "comments.comment", "pk": 55, "fields": {"user": 1, "text": "a", "created_at": "2023-12-04T17:43:40.721Z", "reply_to": null, "content_type": 15, "object_id": 1}}, {"model": "comments.comment", "pk": 56, "fields": {"user": 1, "text": "a", "created_at": "2023-12-04T17:43:40.891Z", "reply_to": null, "content_type": 15, "object_id": 1}}, {"model": "comments.comment", "pk": 57, "fields": {"user": 1, "text": "a", "created_at": "2023-12-04T17:43:41.033Z", "reply_to": null, "content_type": 15, "object_id": 1}}, {"model": "comments.comment", "pk": 58, "fields": {"user": 1, "text": "a", "created_at": "2023-12-04T17:43:41.168Z", "reply_to": null, "content_type": 15, "object_id": 1}}, {"model": "comments.comment", "pk": 59, "fields": {"user": 1, "text": "a", "created_at": "2023-12-04T17:43:41.326Z", "reply_to": null, "content_type": 15, "object_id": 1}}, {"model": "comments.comment", "pk": 60, "fields": {"user": 1, "text": "a", "created_at": "2023-12-04T17:43:49.094Z", "reply_to": null, "content_type": 15, "object_id": 1}}, {"model": "comments.comment", "pk": 61, "fields": {"user": 1, "text": "s", "created_at": "2023-12-04T17:43:59.754Z", "reply_to": null, "content_type": 15, "object_id": 1}}, {"model": "comments.comment", "pk": 62, "fields": {"user": 1, "text": "s", "created_at": "2023-12-04T17:44:18.713Z", "reply_to": null, "content_type": 15, "object_id": 1}}, {"model": "comments.comment", "pk": 63, "fields": {"user": 1, "text": "a", "created_at": "2023-12-04T17:44:43.654Z", "reply_to": null, "content_type": 15, "object_id": 1}}, {"model": "comments.comment", "pk": 64, "fields": {"user": 1, "text": "a", "created_at": "2023-12-04T17:44:50.161Z", "reply_to": null, "content_type": 15, "object_id": 1}}, {"model": "comments.comment", "pk": 65, "fields": {"user": 1, "text": "a", "created_at": "2023-12-04T17:45:22.806Z", "reply_to": null, "content_type": 15, "object_id": 1}}, {"model": "comments.comment", "pk": 66, "fields": {"user": 1, "text": "aaaaaa", "created_at": "2023-12-04T17:45:29.028Z", "reply_to": null, "content_type": 15, "object_id": 1}}, {"model": "comments.comment", "pk": 67, "fields": {"user": 1, "text": "a", "created_at": "2023-12-04T17:48:11.252Z", "reply_to": null, "content_type": 15, "object_id": 1}}, {"model": "comments.comment", "pk": 68, "fields": {"user": 1, "text": "a", "created_at": "2023-12-04T17:48:59.475Z", "reply_to": null, "content_type": 15, "object_id": 1}}, {"model": "comments.comment", "pk": 69, "fields": {"user": 1, "text": "aaaaa", "created_at": "2023-12-04T17:49:01.356Z", "reply_to": null, "content_type": 15, "object_id": 1}}, {"model": "comments.comment", "pk": 70, "fields": {"user": 1, "text": "aaaaaWWWW", "created_at": "2023-12-04T17:49:06.070Z", "reply_to": null, "content_type": 15, "object_id": 1}}, {"model": "comments.comment", "pk": 71, "fields": {"user": 1, "text": "a", "created_at": "2023-12-04T17:51:35.676Z", "reply_to": null, "content_type": 15, "object_id": 50}}, {"model": "comments.comment", "pk": 72, "fields": {"user": 8, "text": "a", "created_at": "2023-12-05T04:07:27.834Z", "reply_to": null, "content_type": 15, "object_id": 1}}, {"model": "comments.comment", "pk": 73, "fields": {"user": 8, "text": "a", "created_at": "2023-12-05T04:07:29.861Z", "reply_to": null, "content_type": 15, "object_id": 1}}, {"model": "comments.comment", "pk": 74, "fields": {"user": 8, "text": "a", "created_at": "2023-12-05T04:07:34.634Z", "reply_to": null, "content_type": 15, "object_id": 1}}, {"model": "comments.comment", "pk": 75, "fields": {"user": 8, "text": "aa", "created_at": "2023-12-05T04:07:50.753Z", "reply_to": null, "content_type": 15, "object_id": 1}}, {"model": "comments.comment", "pk": 76, "fields": {"user": 8, "text": "aa", "created_at": "2023-12-05T04:08:49.768Z", "reply_to": null, "content_type": 15, "object_id": 1}}, {"model": "comments.comment", "pk": 77, "fields": {"user": 8, "text": "a", "created_at": "2023-12-05T04:09:09.108Z", "reply_to": null, "content_type": 15, "object_id": 1}}, {"model": "comments.comment", "pk": 78, "fields": {"user": 8, "text": "a", "created_at": "2023-12-05T04:14:12.713Z", "reply_to": null, "content_type": 15, "object_id": 1}}, {"model": "comments.comment", "pk": 79, "fields": {"user": 8, "text": "a", "created_at": "2023-12-05T04:15:15.074Z", "reply_to": null, "content_type": 15, "object_id": 1}}, {"model": "comments.comment", "pk": 80, "fields": {"user": 8, "text": "a", "created_at": "2023-12-05T04:15:44.204Z", "reply_to": null, "content_type": 15, "object_id": 1}}, {"model": "comments.comment", "pk": 81, "fields": {"user": 8, "text": "a", "created_at": "2023-12-05T04:16:27.997Z", "reply_to": null, "content_type": 15, "object_id": 1}}, {"model": "comments.comment", "pk": 82, "fields": {"user": 8, "text": ",k", "created_at": "2023-12-05T04:18:38.683Z", "reply_to": null, "content_type": 15, "object_id": 1}}, {"model": "comments.comment", "pk": 83, "fields": {"user": 8, "text": "s", "created_at": "2023-12-05T04:18:40.973Z", "reply_to": null, "content_type": 15, "object_id": 1}}, {"model": "comments.comment", "pk": 84, "fields": {"user": 8, "text": "s", "created_at": "2023-12-05T04:18:41.504Z", "reply_to": null, "content_type": 15, "object_id": 1}}, {"model": "comments.comment", "pk": 85, "fields": {"user": 8, "text": "s", "created_at": "2023-12-05T04:18:42.240Z", "reply_to": null, "content_type": 15, "object_id": 1}}, {"model": "comments.comment", "pk": 86, "fields": {"user": 8, "text": "s", "created_at": "2023-12-05T04:19:34.004Z", "reply_to": null, "content_type": 15, "object_id": 1}}, {"model": "comments.comment", "pk": 87, "fields": {"user": 8, "text": "a", "created_at": "2023-12-05T04:19:39.507Z", "reply_to": null, "content_type": 15, "object_id": 1}}, {"model": "comments.comment", "pk": 88, "fields": {"user": 8, "text": "a", "created_at": "2023-12-05T04:19:40.377Z", "reply_to": null, "content_type": 15, "object_id": 1}}, {"model": "comments.comment", "pk": 89, "fields": {"user": 8, "text": "aaaa", "created_at": "2023-12-05T04:19:42.981Z", "reply_to": null, "content_type": 15, "object_id": 1}}, {"model": "comments.comment", "pk": 90, "fields": {"user": 8, "text": "aaaa", "created_at": "2023-12-05T04:19:51.104Z", "reply_to": null, "content_type": 15, "object_id": 1}}, {"model": "comments.comment", "pk": 91, "fields": {"user": 8, "text": "aaaa", "created_at": "2023-12-05T04:19:51.308Z", "reply_to": null, "content_type": 15, "object_id": 1}}, {"model": "comments.comment", "pk": 92, "fields": {"user": 8, "text": "aaaa", "created_at": "2023-12-05T04:19:51.862Z", "reply_to": null, "content_type": 15, "object_id": 1}}, {"model": "comments.comment", "pk": 93, "fields": {"user": 8, "text": "aaaaaaa", "created_at": "2023-12-05T04:19:53.252Z", "reply_to": null, "content_type": 15, "object_id": 1}}, {"model": "comments.comment", "pk": 94, "fields": {"user": 8, "text": "a", "created_at": "2023-12-05T04:19:58.601Z", "reply_to": null, "content_type": 15, "object_id": 1}}, {"model": "comments.comment", "pk": 95, "fields": {"user": 8, "text": "a", "created_at": "2023-12-05T04:20:01.644Z", "reply_to": null, "content_type": 15, "object_id": 1}}, {"model": "comments.comment", "pk": 96, "fields": {"user": 8, "text": "a", "created_at": "2023-12-05T04:20:01.836Z", "reply_to": null, "content_type": 15, "object_id": 1}}, {"model": "comments.comment", "pk": 97, "fields": {"user": 8, "text": "a", "created_at": "2023-12-05T04:20:37.037Z", "reply_to": null, "content_type": 15, "object_id": 1}}, {"model": "comments.comment", "pk": 98, "fields": {"user": 8, "text": "s", "created_at": "2023-12-05T04:21:20.867Z", "reply_to": null, "content_type": 15, "object_id": 1}}, {"model": "comments.comment", "pk": 99, "fields": {"user": 8, "text": "s", "created_at": "2023-12-05T04:21:26.811Z", "reply_to": null, "content_type": 15, "object_id": 1}}, {"model": "comments.comment", "pk": 100, "fields": {"user": 8, "text": "a", "created_at": "2023-12-05T04:22:07.176Z", "reply_to": null, "content_type": 15, "object_id": 1}}, {"model": "comments.comment", "pk": 101, "fields": {"user": 8, "text": "a", "created_at": "2023-12-05T04:22:10.996Z", "reply_to": null, "content_type": 15, "object_id": 1}}, {"model": "comments.comment", "pk": 102, "fields": {"user": 8, "text": "a", "created_at": "2023-12-05T04:22:20.262Z", "reply_to": null, "content_type": 15, "object_id": 1}}, {"model": "comments.comment", "pk": 103, "fields": {"user": 8, "text": "aaaaa", "created_at": "2023-12-05T04:22:28.817Z", "reply_to": null, "content_type": 15, "object_id": 1}}, {"model": "comments.comment", "pk": 104, "fields": {"user": 8, "text": "a", "created_at": "2023-12-05T04:26:11.336Z", "reply_to": null, "content_type": 15, "object_id": 1}}, {"model": "comments.comment", "pk": 105, "fields": {"user": 8, "text": "a", "created_at": "2023-12-05T04:30:54.931Z", "reply_to": null, "content_type": 15, "object_id": 1}}, {"model": "comments.comment", "pk": 106, "fields": {"user": 8, "text": "a", "created_at": "2023-12-05T04:35:08.347Z", "reply_to": null, "content_type": 15, "object_id": 1}}, {"model": "comments.comment", "pk": 107, "fields": {"user": 1, "text": "a", "created_at": "2023-12-05T04:35:56.810Z", "reply_to": null, "content_type": 15, "object_id": 1}}, {"model": "comments.comment", "pk": 108, "fields": {"user": 1, "text": "I should be a proper comment 1 from shelter 1!", "created_at": "2023-12-05T06:23:38.819Z", "reply_to": null, "content_type": 15, "object_id": 1}}, {"model": "comments.comment", "pk": 109, "fields": {"user": 1, "text": "I should be a proper comment 1 from shelter 1!", "created_at": "2023-12-05T06:27:04.317Z", "reply_to": null, "content_type": 15, "object_id": 1}}, {"model": "comments.comment", "pk": 110, "fields": {"user": 1, "text": "I should be a proper comment 1 from shelter 1!", "created_at": "2023-12-05T06:28:26.024Z", "reply_to": null, "content_type": 15, "object_id": 1}}, {"model": "comments.comment", "pk": 111, "fields": {"user": 1, "text": "I should be a proper comment 1 from shelter 1!", "created_at": "2023-12-05T06:28:27.543Z", "reply_to": null, "content_type": 15, "object_id": 1}}, {"model": "comments.comment", "pk": 112, "fields": {"user": 8, "text": "I should be a proper comment 1 from shelter 1!", "created_at": "2023-12-05T06:29:38.847Z", "reply_to": null, "content_type": 15, "object_id": 1}}, {"model": "comments.comment", "pk": 113, "fields": {"user": 8, "text": "I should be a proper comment 1 from shelter 1!", "created_at": "2023-12-05T06:30:50.690Z", "reply_to": null, "content_type": 15, "object_id": 1}}, {"model": "comments.comment", "pk": 114, "fields": {"user": 8, "text": "I should be a proper comment 1 from shelter 1!", "created_at": "2023-12-05T06:32:05.093Z", "reply_to": null, "content_type": 15, "object_id": 1}}, {"model": "comments.comment", "pk": 115, "fields": {"user": 8, "text": "I should be a proper comment 1 from shelter 1!", "created_at": "2023-12-05T06:33:00.350Z", "reply_to": null, "content_type": 15, "object_id": 1}}, {"model": "comments.comment", "pk": 116, "fields": {"user": 8, "text": "I should be a proper comment 1 from shelter 1!", "created_at": "2023-12-05T06:33:54.557Z", "reply_to": null, "content_type": 15, "object_id": 1}}, {"model": "comments.comment", "pk": 117, "fields": {"user": 8, "text": "I should be a proper comment 1 from shelter 1!", "created_at": "2023-12-05T06:34:20.473Z", "reply_to": null, "content_type": 15, "object_id": 1}}, {"model": "comments.comment", "pk": 118, "fields": {"user": 8, "text": "I should be a proper comment 1 from shelter 1!", "created_at": "2023-12-05T06:36:23.121Z", "reply_to": null, "content_type": 15, "object_id": 1}}, {"model": "comments.comment", "pk": 119, "fields": {"user": 8, "text": "I should be a proper comment 1 from shelter 1!", "created_at": "2023-12-05T06:36:37.829Z", "reply_to": null, "content_type": 15, "object_id": 1}}, {"model": "comments.comment", "pk": 120, "fields": {"user": 8, "text": "I should be a proper comment 1 from shelter 1!", "created_at": "2023-12-05T06:37:10.973Z", "reply_to": null, "content_type": 15, "object_id": 1}}, {"model": "comments.comment", "pk": 121, "fields": {"user": 8, "text": "I should be a proper comment 1 from shelter 1!", "created_at": "2023-12-05T06:37:30.792Z", "reply_to": null, "content_type": 15, "object_id": 1}}, {"model": "comments.comment", "pk": 122, "fields": {"user": 8, "text": "I should be a proper comment 1 from shelter 1!", "created_at": "2023-12-05T06:38:14.344Z", "reply_to": null, "content_type": 15, "object_id": 1}}, {"model": "comments.comment", "pk": 123, "fields": {"user": 8, "text": "I should be a proper comment 1 from shelter 1!", "created_at": "2023-12-05T06:38:29.171Z", "reply_to": null, "content_type": 15, "object_id": 1}}, {"model": "comments.comment", "pk": 124, "fields": {"user": 1, "text": "This is a nice shelter comment 2 from seeker 1", "created_at": "2023-12-05T06:42:05.101Z", "reply_to": null, "content_type": 8, "object_id": 8}}, {"model": "comments.comment", "pk": 125, "fields": {"user": 1, "text": "This is a nice shelter comment 2 from seeker 1", "created_at": "2023-12-05T06:43:27.148Z", "reply_to": null, "content_type": 8, "object_id": 8}}, {"model": "comments.comment", "pk": 126, "fields": {"user": 1, "text": "This is a nice shelter comment 2 from seeker 1", "created_at": "2023-12-05T06:43:46.931Z", "reply_to": null, "content_type": 8, "object_id": 8}}, {"model": "comments.comment", "pk": 127, "fields": {"user": 1, "text": "This is a nice shelter comment 2 from seeker 1", "created_at": "2023-12-05T06:44:23.853Z", "reply_to": null, "content_type": 8, "object_id": 8}}, {"model": "comments.comment", "pk": 128, "fields": {"user": 1, "text": "This is a nice shelter comment 2 from seeker 1", "created_at": "2023-12-05T06:45:06.089Z", "reply_to": null, "content_type": 8, "object_id": 8}}, {"model": "blogs.blog", "pk": 1, "fields": {"owner": 10, "title": "kjdkjfsdj", "content": "fkjdkjfksjdfkjsdfjk", "picture_1": "blog_images/backgroundImage1.jpg", "picture_2": "", "picture_3": "", "likes": 2, "last_modified": "2023-12-05T08:38:46.578Z"}}, {"model": "blogs.blog", "pk": 2, "fields": {"owner": 10, "title": "dfsda", "content": "sdfsdf", "picture_1": "blog_images/backgroundImage1_Q8afT28_5sBSBFZ_knWUjPQ_pmtevrB_BStqwvi_3ATtDOo_DK1sEtZ.jpg", "picture_2": "blog_images/cat-image-3_XDrAkVM_JW3vfXH_9RJdhtU_zgiOuil_n1E2FOT_0YNnOl0.jpg", "picture_3": "blog_images/cat-image-3_8DMjjc9_sByK3Iq_VuOcOQ5_V8WnQm1_WYg5YD7_fzhTqU7_fMwQF98.jpg", "likes": 17, "last_modified": "2023-12-05T20:46:34.494Z"}}, {"model": "blogs.blog", "pk": 3, "fields": {"owner": 10, "title": "fdfs", "content": "# dkfdjfks\r\n\r\n### this is the content", "picture_1": "blog_images/backgroundImage1_hmfkOvD.jpg", "picture_2": "blog_images/backgroundImage2.jpg", "picture_3": "blog_images/cat-image-2.jpg", "likes": 0, "last_modified": "2023-12-05T20:19:14.736Z"}}, {"model": "blogs.blog", "pk": 4, "fields": {"owner": 10, "title": "Very important Note!!", "content": "**Lorem ipsum dolor sit amet**, consectetur adipiscing elit. Donec consequat accumsan felis, vitae accumsan felis iaculis vitae. Nulla facilisi. Donec sapien tellus, congue consectetur finibus vel, volutpat ut dui. Aliquam ac consectetur ante, et maximus nunc. Proin sit amet pellentesque nisi. Mauris tempor nulla id diam aliquam tempus. Sed luctus elit leo, porttitor pretium massa malesuada id. Nam lacus tellus, cursus a vestibulum ac, facilisis eu justo. Integer et sapien lobortis, faucibus dui ut, interdum diam. Aliquam non urna ut justo mattis malesuada eu eget nisl. Phasellus maximus magna nec dignissim pharetra. Praesent egestas cursus est, ac sodales mi molestie quis. Vestibulum a elit sed odio pellentesque rhoncus eget ut nisl. Sed lacus justo, ultricies non porttitor ac, pellentesque eu dui. Vestibulum laoreet, mi et facilisis finibus, lectus justo scelerisque neque, sed feugiat urna nulla eu risus.\r\n\r\nDonec eget risus dictum, posuere lectus ut, feugiat nibh. Aenean dignissim a lorem ut elementum. Maecenas in blandit velit. Sed non lectus id odio ornare aliquet. Vestibulum a mollis ex, ut dignissim nulla. Aenean mattis felis libero, id mattis lectus auctor eget. Fusce ac lacinia ante, non semper metus. Nunc at ex laoreet, vulputate elit vel, blandit massa. In ut congue est. Nulla facilisi. Quisque quis libero nec ligula laoreet tincidunt eget quis enim. Nulla scelerisque elementum tincidunt. Nullam lectus erat, varius non risus non, varius vulputate metus. Donec vitae tortor bibendum, finibus felis id, faucibus lacus. Sed et accumsan velit.\r\n\r\nNam ac lacus a lectus molestie auctor a et mi. Mauris in nisl at tortor sagittis sodales. Praesent quis pellentesque ipsum. In hac habitasse platea dictumst. Donec blandit dui in congue maximus. Cras ac condimentum turpis, id rutrum dolor. Etiam semper, diam viverra tristique sollicitudin, quam ante dictum velit, sit amet cursus velit eros sed nibh.", "picture_1": "blog_images/backgroundImage1_gqn8rY2.jpg", "picture_2": "blog_images/backgroundImage2_gfJ0fsG.jpg", "picture_3": "blog_images/cat-image-3_GCmxJoM.jpg", "likes": 0, "last_modified": "2023-12-05T20:28:36.782Z"}}, {"model": "blogs.blog", "pk": 5, "fields": {"owner": 10, "title": "fsdfsd new", "content": "sdfsdf\r\n\r\nkdjfkdsj\r\n\r\nkdjfksdjfsjdfk", "picture_1": "blog_images/backgroundImage2_N2Xks3S.jpg", "picture_2": "blog_images/cat-image-2_0yMC5d7.jpg", "picture_3": "blog_images/cat-image-3_WZrhq9N.jpg", "likes": 0, "last_modified": "2023-12-05T20:56:01.948Z"}}, {"model": "blogs.blog", "pk": 6, "fields": {"owner": 10, "title": "Hello", "content": "**Hello world!!!**\r\n\r\n[![](https://avatars.githubusercontent.com/u/1680273?s=80&v=4)](https://avatars.githubusercontent.com/u/1680273?v=4)\r\n\r\n```javascript\r\nimport React from \"react\";\r\nimport ReactDOM from \"react-dom\";\r\nimport MEDitor from '@uiw/react-md-editor';\r\n\r\n```", "picture_1": "blog_images/image1.jpg", "picture_2": "blog_images/backgroundImage1_TWMJGAe.jpg", "picture_3": "blog_images/backgroundImage2_V5LDAKH.jpg", "likes": 0, "last_modified": "2023-12-05T21:00:39.487Z"}}, {"model": "blogs.blog", "pk": 7, "fields": {"owner": 11, "title": "j", "content": "ghg", "picture_1": "blog_images/backgroundImage1_I67EfmY.jpg", "picture_2": "blog_images/cat-image-2_K4aL0kg.jpg", "picture_3": "blog_images/cat-image-3_uS6JjzU.jpg", "likes": 0, "last_modified": "2023-12-06T00:58:58.881Z"}}, {"model": "blogs.blog", "pk": 8, "fields": {"owner": 34, "title": "dfsdfa", "content": "dsfsdfsdf", "picture_1": "blog_images/backgroundImage1_WE4gYLb.jpg", "picture_2": "blog_images/cat-image-1.jpg", "picture_3": "blog_images/image2.jpg", "likes": 0, "last_modified": "2023-12-06T03:01:03.575Z"}}, {"model": "blogs.blog", "pk": 9, "fields": {"owner": 34, "title": "dfsdfa", "content": "dsfsdfsdf", "picture_1": "blog_images/backgroundImage1_80F3CEP.jpg", "picture_2": "blog_images/cat-image-1_ZL3S8W2.jpg", "picture_3": "blog_images/image2_1z4NMYF.jpg", "likes": 0, "last_modified": "2023-12-06T03:01:08.583Z"}}, {"model": "blogs.blog", "pk": 10, "fields": {"owner": 34, "title": "dfsdfa", "content": "dsfsdfsdf", "picture_1": "blog_images/backgroundImage1_TwWtfY8.jpg", "picture_2": "blog_images/cat-image-1_IbB60Yn.jpg", "picture_3": "blog_images/image2_CAa73S6.jpg", "likes": 0, "last_modified": "2023-12-06T03:01:27.311Z"}}, {"model": "blogs.blog", "pk": 13, "fields": {"owner": 8, "title": "A", "content": "A", "picture_1": "blog_images/Golden-Retriever-Puppies-1024x683.jpeg", "picture_2": "blog_images/Breeds_Thumbnails_4_1_1024x1024.webp", "picture_3": "blog_images/top-20-small-dog-breeds_kKTNJJg.png", "likes": 0, "last_modified": "2023-12-07T08:34:09.118Z"}}, {"model": "notifications.notification", "pk": 1, "fields": {"user": 1, "created_at": "2023-11-22T04:49:28.856Z", "read": true, "content_type": 15, "object_id": 1, "notification_type": "status_update"}}, {"model": "notifications.notification", "pk": 2, "fields": {"user": 8, "created_at": "2023-11-22T04:52:41.240Z", "read": false, "content_type": 15, "object_id": 1, "notification_type": "application_creation"}}, {"model": "notifications.notification", "pk": 3, "fields": {"user": 8, "created_at": "2023-11-22T05:05:52.426Z", "read": true, "content_type": 13, "object_id": 4, "notification_type": "new_review"}}, {"model": "notifications.notification", "pk": 4, "fields": {"user": 8, "created_at": "2023-11-22T05:08:23.899Z", "read": true, "content_type": 13, "object_id": 1, "notification_type": "new_message"}}, {"model": "notifications.notification", "pk": 5, "fields": {"user": 2, "created_at": "2023-11-22T05:11:13.273Z", "read": true, "content_type": 11, "object_id": 4, "notification_type": "new_pet_listing"}}, {"model": "notifications.notification", "pk": 6, "fields": {"user": 8, "created_at": "2023-12-05T06:05:30.669Z", "read": true, "content_type": 15, "object_id": 52, "notification_type": ""}}, {"model": "notifications.notification", "pk": 7, "fields": {"user": 8, "created_at": "2023-12-05T06:08:22.356Z", "read": true, "content_type": 15, "object_id": 53, "notification_type": "application_creation"}}, {"model": "notifications.notification", "pk": 8, "fields": {"user": 8, "created_at": "2023-12-05T06:08:25.022Z", "read": true, "content_type": 15, "object_id": 1, "notification_type": "application_creation"}}, {"model": "notifications.notification", "pk": 9, "fields": {"user": 1, "created_at": "2023-12-05T06:11:25.468Z", "read": true, "content_type": 15, "object_id": 53, "notification_type": "status_update"}}, {"model": "notifications.notification", "pk": 10, "fields": {"user": 1, "created_at": "2023-12-05T06:38:29.178Z", "read": true, "content_type": 13, "object_id": 123, "notification_type": "new_message"}}, {"model": "notifications.notification", "pk": 11, "fields": {"user": 8, "created_at": "2023-12-05T06:44:23.859Z", "read": true, "content_type": 13, "object_id": 127, "notification_type": "new_message"}}, {"model": "notifications.notification", "pk": 12, "fields": {"user": 8, "created_at": "2023-12-05T06:45:06.094Z", "read": true, "content_type": 13, "object_id": 128, "notification_type": "new_message"}}, {"model": "notifications.notification", "pk": 13, "fields": {"user": 1, "created_at": "2023-12-05T06:53:44.779Z", "read": false, "content_type": 11, "object_id": 17, "notification_type": "new_pet_listing"}}, {"model": "notifications.notification", "pk": 14, "fields": {"user": 2, "created_at": "2023-12-05T06:53:44.782Z", "read": false, "content_type": 11, "object_id": 17, "notification_type": "new_pet_listing"}}, {"model": "notifications.notification", "pk": 15, "fields": {"user": 3, "created_at": "2023-12-05T06:53:44.785Z", "read": false, "content_type": 11, "object_id": 17, "notification_type": "new_pet_listing"}}, {"model": "notifications.notification", "pk": 16, "fields": {"user": 4, "created_at": "2023-12-05T06:53:44.787Z", "read": false, "content_type": 11, "object_id": 17, "notification_type": "new_pet_listing"}}, {"model": "notifications.notification", "pk": 17, "fields": {"user": 5, "created_at": "2023-12-05T06:53:44.790Z", "read": false, "content_type": 11, "object_id": 17, "notification_type": "new_pet_listing"}}, {"model": "notifications.notification", "pk": 18, "fields": {"user": 6, "created_at": "2023-12-05T06:53:44.792Z", "read": false, "content_type": 11, "object_id": 17, "notification_type": "new_pet_listing"}}, {"model": "notifications.notification", "pk": 19, "fields": {"user": 7, "created_at": "2023-12-05T06:53:44.795Z", "read": false, "content_type": 11, "object_id": 17, "notification_type": "new_pet_listing"}}, {"model": "notifications.notification", "pk": 20, "fields": {"user": 17, "created_at": "2023-12-05T06:53:44.797Z", "read": false, "content_type": 11, "object_id": 17, "notification_type": "new_pet_listing"}}, {"model": "notifications.notification", "pk": 21, "fields": {"user": 1, "created_at": "2023-12-05T06:56:26.789Z", "read": false, "content_type": 11, "object_id": 18, "notification_type": "new_pet_listing"}}, {"model": "notifications.notification", "pk": 22, "fields": {"user": 2, "created_at": "2023-12-05T06:56:26.796Z", "read": false, "content_type": 11, "object_id": 18, "notification_type": "new_pet_listing"}}, {"model": "notifications.notification", "pk": 23, "fields": {"user": 3, "created_at": "2023-12-05T06:56:26.802Z", "read": false, "content_type": 11, "object_id": 18, "notification_type": "new_pet_listing"}}, {"model": "notifications.notification", "pk": 24, "fields": {"user": 4, "created_at": "2023-12-05T06:56:26.812Z", "read": false, "content_type": 11, "object_id": 18, "notification_type": "new_pet_listing"}}, {"model": "notifications.notification", "pk": 25, "fields": {"user": 5, "created_at": "2023-12-05T06:56:26.821Z", "read": false, "content_type": 11, "object_id": 18, "notification_type": "new_pet_listing"}}, {"model": "notifications.notification", "pk": 26, "fields": {"user": 6, "created_at": "2023-12-05T06:56:26.832Z", "read": false, "content_type": 11, "object_id": 18, "notification_type": "new_pet_listing"}}, {"model": "notifications.notification", "pk": 27, "fields": {"user": 7, "created_at": "2023-12-05T06:56:26.838Z", "read": false, "content_type": 11, "object_id": 18, "notification_type": "new_pet_listing"}}, {"model": "notifications.notification", "pk": 28, "fields": {"user": 17, "created_at": "2023-12-05T06:56:26.845Z", "read": false, "content_type": 11, "object_id": 18, "notification_type": "new_pet_listing"}}, {"model": "notifications.notification", "pk": 29, "fields": {"user": 1, "created_at": "2023-12-05T06:56:47.227Z", "read": false, "content_type": 11, "object_id": 19, "notification_type": "new_pet_listing"}}, {"model": "notifications.notification", "pk": 30, "fields": {"user": 2, "created_at": "2023-12-05T06:56:47.230Z", "read": false, "content_type": 11, "object_id": 19, "notification_type": "new_pet_listing"}}, {"model": "notifications.notification", "pk": 31, "fields": {"user": 3, "created_at": "2023-12-05T06:56:47.233Z", "read": false, "content_type": 11, "object_id": 19, "notification_type": "new_pet_listing"}}, {"model": "notifications.notification", "pk": 32, "fields": {"user": 4, "created_at": "2023-12-05T06:56:47.235Z", "read": false, "content_type": 11, "object_id": 19, "notification_type": "new_pet_listing"}}, {"model": "notifications.notification", "pk": 33, "fields": {"user": 5, "created_at": "2023-12-05T06:56:47.238Z", "read": false, "content_type": 11, "object_id": 19, "notification_type": "new_pet_listing"}}, {"model": "notifications.notification", "pk": 34, "fields": {"user": 6, "created_at": "2023-12-05T06:56:47.241Z", "read": false, "content_type": 11, "object_id": 19, "notification_type": "new_pet_listing"}}, {"model": "notifications.notification", "pk": 35, "fields": {"user": 7, "created_at": "2023-12-05T06:56:47.243Z", "read": false, "content_type": 11, "object_id": 19, "notification_type": "new_pet_listing"}}, {"model": "notifications.notification", "pk": 36, "fields": {"user": 17, "created_at": "2023-12-05T06:56:47.247Z", "read": false, "content_type": 11, "object_id": 19, "notification_type": "new_pet_listing"}}, {"model": "notifications.notification", "pk": 37, "fields": {"user": 1, "created_at": "2023-12-05T06:57:02.903Z", "read": false, "content_type": 11, "object_id": 20, "notification_type": "new_pet_listing"}}, {"model": "notifications.notification", "pk": 38, "fields": {"user": 28, "created_at": "2023-12-05T23:37:14.129Z", "read": true, "content_type": 11, "object_id": 7, "notification_type": "new_pet_listing"}}, {"model": "notifications.notification", "pk": 39, "fields": {"user": 22, "created_at": "2023-12-06T06:10:10.827Z", "read": false, "content_type": 15, "object_id": 7, "notification_type": "application_creation"}}, {"model": "notifications.notification", "pk": 40, "fields": {"user": 22, "created_at": "2023-12-06T06:11:08.224Z", "read": false, "content_type": 15, "object_id": 8, "notification_type": "application_creation"}}, {"model": "notifications.notification", "pk": 41, "fields": {"user": 11, "created_at": "2023-12-06T06:18:56.216Z", "read": false, "content_type": 15, "object_id": 9, "notification_type": "application_creation"}}, {"model": "notifications.notification", "pk": 42, "fields": {"user": 11, "created_at": "2023-12-06T06:19:02.604Z", "read": false, "content_type": 13, "object_id": 40, "notification_type": "new_message"}}, {"model": "notifications.notification", "pk": 43, "fields": {"user": 11, "created_at": "2023-12-06T06:19:07.231Z", "read": false, "content_type": 13, "object_id": 41, "notification_type": "new_message"}}, {"model": "notifications.notification", "pk": 44, "fields": {"user": 11, "created_at": "2023-12-06T06:19:09.070Z", "read": false, "content_type": 13, "object_id": 42, "notification_type": "new_message"}}, {"model": "notifications.notification", "pk": 45, "fields": {"user": 13, "created_at": "2023-12-06T06:20:40.403Z", "read": false, "content_type": 15, "object_id": 10, "notification_type": "application_creation"}}, {"model": "notifications.notification", "pk": 46, "fields": {"user": 13, "created_at": "2023-12-06T06:20:52.203Z", "read": false, "content_type": 13, "object_id": 43, "notification_type": "new_message"}}, {"model": "notifications.notification", "pk": 47, "fields": {"user": 3, "created_at": "2023-12-05T06:59:38.849Z", "read": false, "content_type": 11, "object_id": 21, "notification_type": "new_pet_listing"}}, {"model": "notifications.notification", "pk": 48, "fields": {"user": 4, "created_at": "2023-12-05T06:59:38.853Z", "read": false, "content_type": 11, "object_id": 21, "notification_type": "new_pet_listing"}}, {"model": "notifications.notification", "pk": 49, "fields": {"user": 5, "created_at": "2023-12-05T06:59:38.857Z", "read": false, "content_type": 11, "object_id": 21, "notification_type": "new_pet_listing"}}, {"model": "notifications.notification", "pk": 50, "fields": {"user": 6, "created_at": "2023-12-05T06:59:38.861Z", "read": false, "content_type": 11, "object_id": 21, "notification_type": "new_pet_listing"}}, {"model": "notifications.notification", "pk": 51, "fields": {"user": 7, "created_at": "2023-12-05T06:59:38.865Z", "read": false, "content_type": 11, "object_id": 21, "notification_type": "new_pet_listing"}}, {"model": "notifications.notification", "pk": 52, "fields": {"user": 17, "created_at": "2023-12-05T06:59:38.871Z", "read": false, "content_type": 11, "object_id": 21, "notification_type": "new_pet_listing"}}, {"model": "notifications.notification", "pk": 53, "fields": {"user": 1, "created_at": "2023-12-05T07:01:59.290Z", "read": false, "content_type": 11, "object_id": 22, "notification_type": "new_pet_listing"}}, {"model": "notifications.notification", "pk": 54, "fields": {"user": 2, "created_at": "2023-12-05T07:01:59.293Z", "read": false, "content_type": 11, "object_id": 22, "notification_type": "new_pet_listing"}}, {"model": "notifications.notification", "pk": 55, "fields": {"user": 3, "created_at": "2023-12-05T07:01:59.296Z", "read": false, "content_type": 11, "object_id": 22, "notification_type": "new_pet_listing"}}, {"model": "notifications.notification", "pk": 56, "fields": {"user": 4, "created_at": "2023-12-05T07:01:59.299Z", "read": false, "content_type": 11, "object_id": 22, "notification_type": "new_pet_listing"}}, {"model": "notifications.notification", "pk": 57, "fields": {"user": 5, "created_at": "2023-12-05T07:01:59.302Z", "read": false, "content_type": 11, "object_id": 22, "notification_type": "new_pet_listing"}}, {"model": "notifications.notification", "pk": 58, "fields": {"user": 6, "created_at": "2023-12-05T07:01:59.304Z", "read": false, "content_type": 11, "object_id": 22, "notification_type": "new_pet_listing"}}, {"model": "notifications.notification", "pk": 59, "fields": {"user": 7, "created_at": "2023-12-05T07:01:59.307Z", "read": false, "content_type": 11, "object_id": 22, "notification_type": "new_pet_listing"}}, {"model": "notifications.notification", "pk": 60, "fields": {"user": 17, "created_at": "2023-12-05T07:01:59.310Z", "read": false, "content_type": 11, "object_id": 22, "notification_type": "new_pet_listing"}}, {"model": "notifications.notification", "pk": 62, "fields": {"user": 2, "created_at": "2023-12-05T07:02:38.218Z", "read": false, "content_type": 11, "object_id": 23, "notification_type": "new_pet_listing"}}, {"model": "notifications.notification", "pk": 63, "fields": {"user": 3, "created_at": "2023-12-05T07:02:38.221Z", "read": false, "content_type": 11, "object_id": 23, "notification_type": "new_pet_listing"}}, {"model": "notifications.notification", "pk": 64, "fields": {"user": 4, "created_at": "2023-12-05T07:02:38.225Z", "read": false, "content_type": 11, "object_id": 23, "notification_type": "new_pet_listing"}}, {"model": "notifications.notification", "pk": 65, "fields": {"user": 5, "created_at": "2023-12-05T07:02:38.229Z", "read": false, "content_type": 11, "object_id": 23, "notification_type": "new_pet_listing"}}, {"model": "notifications.notification", "pk": 66, "fields": {"user": 6, "created_at": "2023-12-05T07:02:38.233Z", "read": false, "content_type": 11, "object_id": 23, "notification_type": "new_pet_listing"}}, {"model": "notifications.notification", "pk": 67, "fields": {"user": 7, "created_at": "2023-12-05T07:02:38.236Z", "read": false, "content_type": 11, "object_id": 23, "notification_type": "new_pet_listing"}}, {"model": "notifications.notification", "pk": 68, "fields": {"user": 17, "created_at": "2023-12-05T07:02:38.239Z", "read": false, "content_type": 11, "object_id": 23, "notification_type": "new_pet_listing"}}, {"model": "notifications.notification", "pk": 69, "fields": {"user": 9, "created_at": "2023-12-06T04:59:54.928Z", "read": false, "content_type": 15, "object_id": 54, "notification_type": "application_creation"}}, {"model": "notifications.notification", "pk": 70, "fields": {"user": 1, "created_at": "2023-12-06T07:31:41.031Z", "read": false, "content_type": 11, "object_id": 24, "notification_type": "new_pet_listing"}}, {"model": "notifications.notification", "pk": 71, "fields": {"user": 2, "created_at": "2023-12-06T07:31:41.034Z", "read": false, "content_type": 11, "object_id": 24, "notification_type": "new_pet_listing"}}, {"model": "notifications.notification", "pk": 72, "fields": {"user": 3, "created_at": "2023-12-06T07:31:41.037Z", "read": false, "content_type": 11, "object_id": 24, "notification_type": "new_pet_listing"}}, {"model": "notifications.notification", "pk": 73, "fields": {"user": 4, "created_at": "2023-12-06T07:31:41.040Z", "read": false, "content_type": 11, "object_id": 24, "notification_type": "new_pet_listing"}}, {"model": "notifications.notification", "pk": 74, "fields": {"user": 5, "created_at": "2023-12-06T07:31:41.045Z", "read": false, "content_type": 11, "object_id": 24, "notification_type": "new_pet_listing"}}, {"model": "notifications.notification", "pk": 75, "fields": {"user": 6, "created_at": "2023-12-06T07:31:41.048Z", "read": false, "content_type": 11, "object_id": 24, "notification_type": "new_pet_listing"}}, {"model": "notifications.notification", "pk": 76, "fields": {"user": 7, "created_at": "2023-12-06T07:31:41.051Z", "read": false, "content_type": 11, "object_id": 24, "notification_type": "new_pet_listing"}}, {"model": "notifications.notification", "pk": 77, "fields": {"user": 17, "created_at": "2023-12-06T07:31:41.056Z", "read": false, "content_type": 11, "object_id": 24, "notification_type": "new_pet_listing"}}, {"model": "notifications.notification", "pk": 78, "fields": {"user": 1, "created_at": "2023-12-06T09:41:54.548Z", "read": false, "content_type": 11, "object_id": 25, "notification_type": "new_pet_listing"}}, {"model": "notifications.notification", "pk": 79, "fields": {"user": 2, "created_at": "2023-12-06T09:41:54.552Z", "read": false, "content_type": 11, "object_id": 25, "notification_type": "new_pet_listing"}}, {"model": "notifications.notification", "pk": 80, "fields": {"user": 3, "created_at": "2023-12-06T09:41:54.555Z", "read": false, "content_type": 11, "object_id": 25, "notification_type": "new_pet_listing"}}, {"model": "notifications.notification", "pk": 81, "fields": {"user": 4, "created_at": "2023-12-06T09:41:54.559Z", "read": false, "content_type": 11, "object_id": 25, "notification_type": "new_pet_listing"}}, {"model": "notifications.notification", "pk": 82, "fields": {"user": 5, "created_at": "2023-12-06T09:41:54.562Z", "read": false, "content_type": 11, "object_id": 25, "notification_type": "new_pet_listing"}}, {"model": "notifications.notification", "pk": 83, "fields": {"user": 6, "created_at": "2023-12-06T09:41:54.566Z", "read": false, "content_type": 11, "object_id": 25, "notification_type": "new_pet_listing"}}, {"model": "notifications.notification", "pk": 84, "fields": {"user": 7, "created_at": "2023-12-06T09:41:54.569Z", "read": false, "content_type": 11, "object_id": 25, "notification_type": "new_pet_listing"}}, {"model": "notifications.notification", "pk": 85, "fields": {"user": 17, "created_at": "2023-12-06T09:41:54.572Z", "read": false, "content_type": 11, "object_id": 25, "notification_type": "new_pet_listing"}}, {"model": "notifications.notification", "pk": 86, "fields": {"user": 2, "created_at": "2023-12-06T10:20:10.221Z", "read": false, "content_type": 11, "object_id": 26, "notification_type": "new_pet_listing"}}, {"model": "notifications.notification", "pk": 87, "fields": {"user": 3, "created_at": "2023-12-06T10:20:10.226Z", "read": false, "content_type": 11, "object_id": 26, "notification_type": "new_pet_listing"}}, {"model": "notifications.notification", "pk": 88, "fields": {"user": 4, "created_at": "2023-12-06T10:20:10.230Z", "read": false, "content_type": 11, "object_id": 26, "notification_type": "new_pet_listing"}}, {"model": "notifications.notification", "pk": 89, "fields": {"user": 5, "created_at": "2023-12-06T10:20:10.234Z", "read": false, "content_type": 11, "object_id": 26, "notification_type": "new_pet_listing"}}, {"model": "notifications.notification", "pk": 90, "fields": {"user": 6, "created_at": "2023-12-06T10:20:10.238Z", "read": false, "content_type": 11, "object_id": 26, "notification_type": "new_pet_listing"}}, {"model": "notifications.notification", "pk": 91, "fields": {"user": 7, "created_at": "2023-12-06T10:20:10.242Z", "read": false, "content_type": 11, "object_id": 26, "notification_type": "new_pet_listing"}}, {"model": "notifications.notification", "pk": 92, "fields": {"user": 17, "created_at": "2023-12-06T10:20:10.246Z", "read": false, "content_type": 11, "object_id": 26, "notification_type": "new_pet_listing"}}, {"model": "notifications.notification", "pk": 93, "fields": {"user": 2, "created_at": "2023-12-06T10:20:39.298Z", "read": false, "content_type": 11, "object_id": 27, "notification_type": "new_pet_listing"}}, {"model": "notifications.notification", "pk": 94, "fields": {"user": 3, "created_at": "2023-12-06T10:20:39.308Z", "read": false, "content_type": 11, "object_id": 27, "notification_type": "new_pet_listing"}}, {"model": "notifications.notification", "pk": 95, "fields": {"user": 4, "created_at": "2023-12-06T10:20:39.312Z", "read": false, "content_type": 11, "object_id": 27, "notification_type": "new_pet_listing"}}, {"model": "notifications.notification", "pk": 96, "fields": {"user": 5, "created_at": "2023-12-06T10:20:39.317Z", "read": false, "content_type": 11, "object_id": 27, "notification_type": "new_pet_listing"}}, {"model": "notifications.notification", "pk": 97, "fields": {"user": 6, "created_at": "2023-12-06T10:20:39.322Z", "read": false, "content_type": 11, "object_id": 27, "notification_type": "new_pet_listing"}}, {"model": "notifications.notification", "pk": 98, "fields": {"user": 7, "created_at": "2023-12-06T10:20:39.326Z", "read": false, "content_type": 11, "object_id": 27, "notification_type": "new_pet_listing"}}, {"model": "notifications.notification", "pk": 99, "fields": {"user": 17, "created_at": "2023-12-06T10:20:39.330Z", "read": false, "content_type": 11, "object_id": 27, "notification_type": "new_pet_listing"}}, {"model": "notifications.notification", "pk": 100, "fields": {"user": 1, "created_at": "2023-12-07T02:11:12.751Z", "read": false, "content_type": 11, "object_id": 28, "notification_type": "new_pet_listing"}}, {"model": "notifications.notification", "pk": 101, "fields": {"user": 2, "created_at": "2023-12-07T02:11:12.754Z", "read": false, "content_type": 11, "object_id": 28, "notification_type": "new_pet_listing"}}, {"model": "notifications.notification", "pk": 102, "fields": {"user": 3, "created_at": "2023-12-07T02:11:12.756Z", "read": false, "content_type": 11, "object_id": 28, "notification_type": "new_pet_listing"}}, {"model": "notifications.notification", "pk": 103, "fields": {"user": 4, "created_at": "2023-12-07T02:11:12.759Z", "read": false, "content_type": 11, "object_id": 28, "notification_type": "new_pet_listing"}}, {"model": "notifications.notification", "pk": 104, "fields": {"user": 5, "created_at": "2023-12-07T02:11:12.763Z", "read": false, "content_type": 11, "object_id": 28, "notification_type": "new_pet_listing"}}, {"model": "notifications.notification", "pk": 105, "fields": {"user": 6, "created_at": "2023-12-07T02:11:12.765Z", "read": false, "content_type": 11, "object_id": 28, "notification_type": "new_pet_listing"}}, {"model": "notifications.notification", "pk": 106, "fields": {"user": 7, "created_at": "2023-12-07T02:11:12.768Z", "read": false, "content_type": 11, "object_id": 28, "notification_type": "new_pet_listing"}}, {"model": "notifications.notification", "pk": 107, "fields": {"user": 17, "created_at": "2023-12-07T02:11:12.771Z", "read": false, "content_type": 11, "object_id": 28, "notification_type": "new_pet_listing"}}, {"model": "notifications.notification", "pk": 108, "fields": {"user": 20, "created_at": "2023-12-07T02:11:12.774Z", "read": false, "content_type": 11, "object_id": 28, "notification_type": "new_pet_listing"}}, {"model": "notifications.notification", "pk": 109, "fields": {"user": 27, "created_at": "2023-12-07T02:11:12.777Z", "read": false, "content_type": 11, "object_id": 28, "notification_type": "new_pet_listing"}}, {"model": "notifications.notification", "pk": 110, "fields": {"user": 28, "created_at": "2023-12-07T02:11:12.779Z", "read": false, "content_type": 11, "object_id": 28, "notification_type": "new_pet_listing"}}, {"model": "notifications.notification", "pk": 111, "fields": {"user": 30, "created_at": "2023-12-07T02:11:12.782Z", "read": false, "content_type": 11, "object_id": 28, "notification_type": "new_pet_listing"}}, {"model": "notifications.notification", "pk": 112, "fields": {"user": 31, "created_at": "2023-12-07T02:11:12.785Z", "read": false, "content_type": 11, "object_id": 28, "notification_type": "new_pet_listing"}}, {"model": "notifications.notification", "pk": 113, "fields": {"user": 35, "created_at": "2023-12-07T02:11:12.787Z", "read": false, "content_type": 11, "object_id": 28, "notification_type": "new_pet_listing"}}, {"model": "notifications.notification", "pk": 114, "fields": {"user": 1, "created_at": "2023-12-07T08:36:01.463Z", "read": false, "content_type": 11, "object_id": 29, "notification_type": "new_pet_listing"}}, {"model": "notifications.notification", "pk": 115, "fields": {"user": 2, "created_at": "2023-12-07T08:36:01.466Z", "read": false, "content_type": 11, "object_id": 29, "notification_type": "new_pet_listing"}}, {"model": "notifications.notification", "pk": 116, "fields": {"user": 3, "created_at": "2023-12-07T08:36:01.469Z", "read": false, "content_type": 11, "object_id": 29, "notification_type": "new_pet_listing"}}, {"model": "notifications.notification", "pk": 117, "fields": {"user": 4, "created_at": "2023-12-07T08:36:01.472Z", "read": false, "content_type": 11, "object_id": 29, "notification_type": "new_pet_listing"}}, {"model": "notifications.notification", "pk": 118, "fields": {"user": 5, "created_at": "2023-12-07T08:36:01.476Z", "read": false, "content_type": 11, "object_id": 29, "notification_type": "new_pet_listing"}}, {"model": "notifications.notification", "pk": 119, "fields": {"user": 6, "created_at": "2023-12-07T08:36:01.480Z", "read": false, "content_type": 11, "object_id": 29, "notification_type": "new_pet_listing"}}, {"model": "notifications.notification", "pk": 120, "fields": {"user": 7, "created_at": "2023-12-07T08:36:01.483Z", "read": false, "content_type": 11, "object_id": 29, "notification_type": "new_pet_listing"}}, {"model": "notifications.notification", "pk": 121, "fields": {"user": 17, "created_at": "2023-12-07T08:36:01.487Z", "read": false, "content_type": 11, "object_id": 29, "notification_type": "new_pet_listing"}}, {"model": "notifications.notification", "pk": 122, "fields": {"user": 20, "created_at": "2023-12-07T08:36:01.491Z", "read": false, "content_type": 11, "object_id": 29, "notification_type": "new_pet_listing"}}, {"model": "notifications.notification", "pk": 123, "fields": {"user": 27, "created_at": "2023-12-07T08:36:01.495Z", "read": false, "content_type": 11, "object_id": 29, "notification_type": "new_pet_listing"}}, {"model": "notifications.notification", "pk": 124, "fields": {"user": 28, "created_at": "2023-12-07T08:36:01.498Z", "read": false, "content_type": 11, "object_id": 29, "notification_type": "new_pet_listing"}}, {"model": "notifications.notification", "pk": 125, "fields": {"user": 30, "created_at": "2023-12-07T08:36:01.502Z", "read": false, "content_type": 11, "object_id": 29, "notification_type": "new_pet_listing"}}, {"model": "notifications.notification", "pk": 126, "fields": {"user": 31, "created_at": "2023-12-07T08:36:01.506Z", "read": false, "content_type": 11, "object_id": 29, "notification_type": "new_pet_listing"}}, {"model": "notifications.notification", "pk": 127, "fields": {"user": 35, "created_at": "2023-12-07T08:36:01.509Z", "read": false, "content_type": 11, "object_id": 29, "notification_type": "new_pet_listing"}}, {"model": "applications.application", "pk": 1, "fields": {"pet": 1, "user": 1, "status": "withdrawn", "name": "Seeker 1", "phone_number": "1111111111", "email": "test@test.com", "address": "Whatever!!!", "qualifications": "Nothing!", "digital_signature": "wow", "created_at": "2023-11-21T22:06:15.942Z", "last_updated": "2023-12-05T06:38:29.175Z"}}, {"model": "applications.application", "pk": 2, "fields": {"pet": 2, "user": 1, "status": "pending", "name": "Seeker 1", "phone_number": "1111111111", "email": "test@test.com", "address": "Whatever!!!", "qualifications": "Nothing!", "digital_signature": "wow", "created_at": "2023-11-21T22:08:29.029Z", "last_updated": "2023-11-21T22:08:29.029Z"}}, {"model": "applications.application", "pk": 3, "fields": {"pet": 3, "user": 1, "status": "pending", "name": "Seeker 1", "phone_number": "1111111111", "email": "test@test.com", "address": "Whatever!!!", "qualifications": "Nothing!", "digital_signature": "wow", "created_at": "2023-11-21T22:09:07.890Z", "last_updated": "2023-11-21T22:09:07.890Z"}}, {"model": "applications.application", "pk": 4, "fields": {"pet": 1, "user": 2, "status": "pending", "name": "Seeker 2", "phone_number": "1111111111", "email": "test@test.com", "address": "Whatever!!!", "qualifications": "Nothing!", "digital_signature": "wow", "created_at": "2023-11-21T22:10:11.553Z", "last_updated": "2023-11-21T22:10:11.553Z"}}, {"model": "applications.application", "pk": 5, "fields": {"pet": 3, "user": 3, "status": "pending", "name": "Seeker 3", "phone_number": "1111111111", "email": "test@test.com", "address": "Whatever!!!", "qualifications": "Nothing!", "digital_signature": "wow", "created_at": "2023-11-21T22:14:24.578Z", "last_updated": "2023-11-21T22:14:24.578Z"}}, {"model": "applications.application", "pk": 6, "fields": {"pet": 7, "user": 28, "status": "withdrawn", "name": "df", "phone_number": "1234567890", "email": "hanszhan0808@gmail.com", "address": "adsfasd", "qualifications": "dfsdf", "digital_signature": "dsfsdf", "created_at": "2023-12-04T22:39:31.437Z", "last_updated": "2023-12-05T07:26:31.458Z"}}, {"model": "applications.application", "pk": 7, "fields": {"pet": 10, "user": 28, "status": "pending", "name": "a", "phone_number": "a", "email": "hanszhan0808@dfsd.com", "address": "a", "qualifications": "a", "digital_signature": "a", "created_at": "2023-12-06T06:10:10.819Z", "last_updated": "2023-12-06T06:10:10.819Z"}}, {"model": "applications.application", "pk": 8, "fields": {"pet": 10, "user": 28, "status": "pending", "name": "a", "phone_number": "a", "email": "hanszhan0808@dfsd.com", "address": "a", "qualifications": "a", "digital_signature": "a", "created_at": "2023-12-06T06:11:08.223Z", "last_updated": "2023-12-06T06:11:08.223Z"}}, {"model": "applications.application", "pk": 9, "fields": {"pet": 11, "user": 28, "status": "pending", "name": "I wanna learn HTML", "phone_number": "647-667-8680", "email": "fdsf@kdjfk.com", "address": "a", "qualifications": "a", "digital_signature": "a", "created_at": "2023-12-06T06:18:56.204Z", "last_updated": "2023-12-06T06:19:09.069Z"}}, {"model": "applications.application", "pk": 10, "fields": {"pet": 9, "user": 28, "status": "pending", "name": "asdf", "phone_number": "1", "email": "11@djfkd.com", "address": "23223", "qualifications": "1", "digital_signature": "1", "created_at": "2023-12-06T06:20:40.397Z", "last_updated": "2023-12-06T06:20:52.200Z"}}, {"model": "applications.application", "pk": 11, "fields": {"pet": 4, "user": 1, "status": "pending", "name": "Seeker 1", "phone_number": "1111111111", "email": "test@test.com", "address": "Whatever!!!", "qualifications": "Nothing!!!", "digital_signature": "wow", "created_at": "2023-12-04T06:15:52.650Z", "last_updated": "2023-12-04T06:15:52.650Z"}}, {"model": "applications.application", "pk": 12, "fields": {"pet": 4, "user": 1, "status": "pending", "name": "Seeker 1", "phone_number": "1111111111", "email": "test@test.com", "address": "Whatever!!!", "qualifications": "Nothing!!!", "digital_signature": "wow", "created_at": "2023-12-04T06:15:53.299Z", "last_updated": "2023-12-04T06:15:53.299Z"}}, {"model": "applications.application", "pk": 13, "fields": {"pet": 4, "user": 1, "status": "pending", "name": "Seeker 1", "phone_number": "1111111111", "email": "test@test.com", "address": "Whatever!!!", "qualifications": "Nothing!!!", "digital_signature": "wow", "created_at": "2023-12-04T06:15:53.916Z", "last_updated": "2023-12-04T06:15:53.916Z"}}, {"model": "applications.application", "pk": 14, "fields": {"pet": 4, "user": 1, "status": "pending", "name": "Seeker 1", "phone_number": "1111111111", "email": "test@test.com", "address": "Whatever!!!", "qualifications": "Nothing!!!", "digital_signature": "wow", "created_at": "2023-12-04T06:15:54.457Z", "last_updated": "2023-12-04T06:15:54.457Z"}}, {"model": "applications.application", "pk": 15, "fields": {"pet": 4, "user": 1, "status": "pending", "name": "Seeker 1", "phone_number": "1111111111", "email": "test@test.com", "address": "Whatever!!!", "qualifications": "Nothing!!!", "digital_signature": "wow", "created_at": "2023-12-04T06:15:55.021Z", "last_updated": "2023-12-04T06:15:55.021Z"}}, {"model": "applications.application", "pk": 16, "fields": {"pet": 4, "user": 1, "status": "pending", "name": "Seeker 1", "phone_number": "1111111111", "email": "test@test.com", "address": "Whatever!!!", "qualifications": "Nothing!!!", "digital_signature": "wow", "created_at": "2023-12-04T06:15:55.615Z", "last_updated": "2023-12-04T06:15:55.615Z"}}, {"model": "applications.application", "pk": 17, "fields": {"pet": 4, "user": 1, "status": "pending", "name": "Seeker 1", "phone_number": "1111111111", "email": "test@test.com", "address": "Whatever!!!", "qualifications": "Nothing!!!", "digital_signature": "wow", "created_at": "2023-12-04T06:15:56.226Z", "last_updated": "2023-12-04T06:15:56.226Z"}}, {"model": "applications.application", "pk": 18, "fields": {"pet": 4, "user": 1, "status": "pending", "name": "Seeker 1", "phone_number": "1111111111", "email": "test@test.com", "address": "Whatever!!!", "qualifications": "Nothing!!!", "digital_signature": "wow", "created_at": "2023-12-04T06:15:56.843Z", "last_updated": "2023-12-04T06:15:56.843Z"}}, {"model": "applications.application", "pk": 19, "fields": {"pet": 1, "user": 1, "status": "pending", "name": "Seeker 1", "phone_number": "1111111111", "email": "test@test.com", "address": "Whatever!!!", "qualifications": "Nothing!!!", "digital_signature": "wow", "created_at": "2023-12-04T06:16:09.199Z", "last_updated": "2023-12-04T06:16:09.199Z"}}, {"model": "applications.application", "pk": 20, "fields": {"pet": 1, "user": 1, "status": "pending", "name": "Seeker 1", "phone_number": "1111111111", "email": "test@test.com", "address": "Whatever!!!", "qualifications": "Nothing!!!", "digital_signature": "wow", "created_at": "2023-12-04T06:16:09.923Z", "last_updated": "2023-12-04T06:16:09.923Z"}}, {"model": "applications.application", "pk": 21, "fields": {"pet": 1, "user": 1, "status": "pending", "name": "Seeker 1", "phone_number": "1111111111", "email": "test@test.com", "address": "Whatever!!!", "qualifications": "Nothing!!!", "digital_signature": "wow", "created_at": "2023-12-04T06:16:10.540Z", "last_updated": "2023-12-04T06:16:10.540Z"}}, {"model": "applications.application", "pk": 22, "fields": {"pet": 1, "user": 1, "status": "pending", "name": "Seeker 1", "phone_number": "1111111111", "email": "test@test.com", "address": "Whatever!!!", "qualifications": "Nothing!!!", "digital_signature": "wow", "created_at": "2023-12-04T06:16:11.150Z", "last_updated": "2023-12-04T06:16:11.150Z"}}, {"model": "applications.application", "pk": 23, "fields": {"pet": 1, "user": 1, "status": "pending", "name": "Seeker 1", "phone_number": "1111111111", "email": "test@test.com", "address": "Whatever!!!", "qualifications": "Nothing!!!", "digital_signature": "wow", "created_at": "2023-12-04T06:16:11.785Z", "last_updated": "2023-12-04T06:16:11.785Z"}}, {"model": "applications.application", "pk": 24, "fields": {"pet": 1, "user": 1, "status": "pending", "name": "Seeker 1", "phone_number": "1111111111", "email": "test@test.com", "address": "Whatever!!!", "qualifications": "Nothing!!!", "digital_signature": "wow", "created_at": "2023-12-04T06:16:12.353Z", "last_updated": "2023-12-04T06:16:12.353Z"}}, {"model": "applications.application", "pk": 25, "fields": {"pet": 1, "user": 1, "status": "pending", "name": "Seeker 1", "phone_number": "1111111111", "email": "test@test.com", "address": "Whatever!!!", "qualifications": "Nothing!!!", "digital_signature": "wow", "created_at": "2023-12-04T06:16:12.986Z", "last_updated": "2023-12-04T06:16:12.986Z"}}, {"model": "applications.application", "pk": 26, "fields": {"pet": 1, "user": 1, "status": "pending", "name": "Seeker 1", "phone_number": "1111111111", "email": "test@test.com", "address": "Whatever!!!", "qualifications": "Nothing!!!", "digital_signature": "wow", "created_at": "2023-12-04T06:16:13.611Z", "last_updated": "2023-12-04T06:16:13.611Z"}}, {"model": "applications.application", "pk": 27, "fields": {"pet": 1, "user": 1, "status": "pending", "name": "Seeker 1", "phone_number": "1111111111", "email": "test@test.com", "address": "Whatever!!!", "qualifications": "Nothing!!!", "digital_signature": "wow", "created_at": "2023-12-04T06:16:14.223Z", "last_updated": "2023-12-04T06:16:14.223Z"}}, {"model": "applications.application", "pk": 28, "fields": {"pet": 1, "user": 1, "status": "pending", "name": "Seeker 1", "phone_number": "1111111111", "email": "test@test.com", "address": "Whatever!!!", "qualifications": "Nothing!!!", "digital_signature": "wow", "created_at": "2023-12-04T06:16:14.831Z", "last_updated": "2023-12-04T06:16:14.831Z"}}, {"model": "applications.application", "pk": 29, "fields": {"pet": 1, "user": 1, "status": "pending", "name": "Seeker 1", "phone_number": "1111111111", "email": "test@test.com", "address": "Whatever!!!", "qualifications": "Nothing!!!", "digital_signature": "wow", "created_at": "2023-12-04T06:16:15.341Z", "last_updated": "2023-12-04T06:16:15.341Z"}}, {"model": "applications.application", "pk": 30, "fields": {"pet": 1, "user": 1, "status": "pending", "name": "Seeker 1", "phone_number": "1111111111", "email": "test@test.com", "address": "Whatever!!!", "qualifications": "Nothing!!!", "digital_signature": "wow", "created_at": "2023-12-04T06:16:15.957Z", "last_updated": "2023-12-04T06:16:15.957Z"}}, {"model": "applications.application", "pk": 31, "fields": {"pet": 1, "user": 1, "status": "pending", "name": "Seeker 1", "phone_number": "1111111111", "email": "test@test.com", "address": "Whatever!!!", "qualifications": "Nothing!!!", "digital_signature": "wow", "created_at": "2023-12-04T06:16:16.491Z", "last_updated": "2023-12-04T06:16:16.491Z"}}, {"model": "applications.application", "pk": 32, "fields": {"pet": 1, "user": 1, "status": "pending", "name": "Seeker 1", "phone_number": "1111111111", "email": "test@test.com", "address": "Whatever!!!", "qualifications": "Nothing!!!", "digital_signature": "wow", "created_at": "2023-12-04T06:16:17.070Z", "last_updated": "2023-12-04T06:16:17.070Z"}}, {"model": "applications.application", "pk": 33, "fields": {"pet": 1, "user": 1, "status": "pending", "name": "Seeker 1", "phone_number": "1111111111", "email": "test@test.com", "address": "Whatever!!!", "qualifications": "Nothing!!!", "digital_signature": "wow", "created_at": "2023-12-04T06:16:17.619Z", "last_updated": "2023-12-04T06:16:17.619Z"}}, {"model": "applications.application", "pk": 34, "fields": {"pet": 1, "user": 1, "status": "pending", "name": "Seeker 1", "phone_number": "1111111111", "email": "test@test.com", "address": "Whatever!!!", "qualifications": "Nothing!!!", "digital_signature": "wow", "created_at": "2023-12-04T06:16:18.154Z", "last_updated": "2023-12-04T06:16:18.154Z"}}, {"model": "applications.application", "pk": 35, "fields": {"pet": 3, "user": 1, "status": "pending", "name": "a", "phone_number": "a", "email": "a@a.com", "address": "aaa", "qualifications": "aa", "digital_signature": "aa", "created_at": "2023-12-04T17:16:43.661Z", "last_updated": "2023-12-04T17:16:43.661Z"}}, {"model": "applications.application", "pk": 36, "fields": {"pet": 3, "user": 1, "status": "pending", "name": "a", "phone_number": "a", "email": "a@a.com", "address": "aaa", "qualifications": "aa", "digital_signature": "aa", "created_at": "2023-12-04T17:18:36.955Z", "last_updated": "2023-12-04T17:18:36.955Z"}}, {"model": "applications.application", "pk": 37, "fields": {"pet": 3, "user": 1, "status": "pending", "name": "a", "phone_number": "a", "email": "a@a.com", "address": "a", "qualifications": "a", "digital_signature": "a", "created_at": "2023-12-04T17:18:59.651Z", "last_updated": "2023-12-04T17:18:59.651Z"}}, {"model": "applications.application", "pk": 38, "fields": {"pet": 1, "user": 1, "status": "pending", "name": "Seeker 1", "phone_number": "1111111111", "email": "test@test.com", "address": "Whatever!!!", "qualifications": "Nothing!!!", "digital_signature": "wow", "created_at": "2023-12-04T17:23:46.591Z", "last_updated": "2023-12-04T17:23:46.591Z"}}, {"model": "applications.application", "pk": 39, "fields": {"pet": 1, "user": 1, "status": "pending", "name": "Seeker 1", "phone_number": "1111111111", "email": "test@test.com", "address": "Whatever!!!", "qualifications": "Nothing!!!", "digital_signature": "wow", "created_at": "2023-12-04T17:27:09.637Z", "last_updated": "2023-12-04T17:27:09.637Z"}}, {"model": "applications.application", "pk": 40, "fields": {"pet": 1, "user": 1, "status": "pending", "name": "Seeker 1", "phone_number": "1111111111", "email": "test@test.com", "address": "Whatever!!!", "qualifications": "Nothing!!!", "digital_signature": "wow", "created_at": "2023-12-04T17:29:57.611Z", "last_updated": "2023-12-04T17:29:57.611Z"}}, {"model": "applications.application", "pk": 41, "fields": {"pet": 1, "user": 1, "status": "pending", "name": "Seeker 1", "phone_number": "1111111111", "email": "test@test.com", "address": "Whatever!!!", "qualifications": "Nothing!!!", "digital_signature": "wow", "created_at": "2023-12-04T17:30:29.523Z", "last_updated": "2023-12-04T17:30:29.523Z"}}, {"model": "applications.application", "pk": 42, "fields": {"pet": 1, "user": 1, "status": "pending", "name": "Seeker 1", "phone_number": "1111111111", "email": "test@test.com", "address": "Whatever!!!", "qualifications": "Nothing!!!", "digital_signature": "wow", "created_at": "2023-12-04T17:30:32.385Z", "last_updated": "2023-12-04T17:30:32.385Z"}}, {"model": "applications.application", "pk": 43, "fields": {"pet": 1, "user": 1, "status": "pending", "name": "Seeker 1", "phone_number": "1111111111", "email": "test@test.com", "address": "Whatever!!!", "qualifications": "Nothing!!!", "digital_signature": "wow", "created_at": "2023-12-04T17:31:44.441Z", "last_updated": "2023-12-04T17:31:44.441Z"}}, {"model": "applications.application", "pk": 44, "fields": {"pet": 1, "user": 1, "status": "pending", "name": "Seeker 1", "phone_number": "1111111111", "email": "test@test.com", "address": "Whatever!!!", "qualifications": "Nothing!!!", "digital_signature": "wow", "created_at": "2023-12-04T17:33:21.528Z", "last_updated": "2023-12-04T17:33:21.528Z"}}, {"model": "applications.application", "pk": 45, "fields": {"pet": 1, "user": 1, "status": "pending", "name": "Seeker 1", "phone_number": "1111111111", "email": "test@test.com", "address": "Whatever!!!", "qualifications": "Nothing!!!", "digital_signature": "wow", "created_at": "2023-12-04T17:34:36.905Z", "last_updated": "2023-12-04T17:34:36.905Z"}}, {"model": "applications.application", "pk": 46, "fields": {"pet": 1, "user": 1, "status": "pending", "name": "Seeker 1", "phone_number": "1111111111", "email": "test@test.com", "address": "Whatever!!!", "qualifications": "Nothing!!!", "digital_signature": "wow", "created_at": "2023-12-04T17:34:46.294Z", "last_updated": "2023-12-04T17:34:46.294Z"}}, {"model": "applications.application", "pk": 47, "fields": {"pet": 1, "user": 1, "status": "pending", "name": "Seeker 1", "phone_number": "1111111111", "email": "test@test.com", "address": "Whatever!!!", "qualifications": "Nothing!!!", "digital_signature": "wow", "created_at": "2023-12-04T17:34:55.816Z", "last_updated": "2023-12-04T17:34:55.816Z"}}, {"model": "applications.application", "pk": 48, "fields": {"pet": 1, "user": 1, "status": "pending", "name": "Seeker 1", "phone_number": "1111111111", "email": "test@test.com", "address": "Whatever!!!", "qualifications": "Nothing!!!", "digital_signature": "wow", "created_at": "2023-12-04T17:35:38.958Z", "last_updated": "2023-12-04T17:35:38.958Z"}}, {"model": "applications.application", "pk": 49, "fields": {"pet": 3, "user": 1, "status": "pending", "name": "a", "phone_number": "a", "email": "a@a.com", "address": "1", "qualifications": "1", "digital_signature": "1", "created_at": "2023-12-04T17:36:03.326Z", "last_updated": "2023-12-04T17:41:23.699Z"}}, {"model": "applications.application", "pk": 50, "fields": {"pet": 4, "user": 1, "status": "pending", "name": "a", "phone_number": "1", "email": "a@a.com", "address": "1", "qualifications": "1", "digital_signature": "1", "created_at": "2023-12-04T17:51:24.045Z", "last_updated": "2023-12-04T17:51:35.681Z"}}, {"model": "applications.application", "pk": 51, "fields": {"pet": 3, "user": 1, "status": "pending", "name": "a", "phone_number": "a", "email": "a@a.com", "address": "aaa", "qualifications": "a", "digital_signature": "a", "created_at": "2023-12-04T17:52:14.385Z", "last_updated": "2023-12-04T17:52:14.385Z"}}, {"model": "applications.application", "pk": 52, "fields": {"pet": 1, "user": 1, "status": "pending", "name": "Seeker 1", "phone_number": "1111111111", "email": "test@test.com", "address": "Whatever!!!", "qualifications": "Nothing!!!", "digital_signature": "wow", "created_at": "2023-12-05T06:05:30.665Z", "last_updated": "2023-12-05T06:05:30.665Z"}}, {"model": "applications.application", "pk": 53, "fields": {"pet": 1, "user": 1, "status": "accepted", "name": "Seeker 1", "phone_number": "1111111111", "email": "test@test.com", "address": "Whatever!!!", "qualifications": "Nothing!!!", "digital_signature": "wow", "created_at": "2023-12-05T06:08:22.348Z", "last_updated": "2023-12-05T06:11:25.473Z"}}, {"model": "applications.application", "pk": 54, "fields": {"pet": 3, "user": 1, "status": "pending", "name": "Kai Dicarlantonio", "phone_number": "4165297302", "email": "kai.iharantonio@gmail.com", "address": "67 Edith Drive", "qualifications": "a", "digital_signature": "a", "created_at": "2023-12-06T04:59:54.920Z", "last_updated": "2023-12-06T04:59:54.920Z"}}]